date,Hardwood veneer and plywood manufacturing43,Softwood veneer and plywood manufacturingS,Reconstituted wood product manufacturing2,"Other millwork, including flooring73",Hardwood veneer and plywood manufacturing7,Wood preservationS,Reconstituted wood product manufacturingA,Prefabricated wood building manufacturing1,Hardwood veneer and plywood manufacturingS,Reconstituted wood product manufacturingC,Reconstituted wood product manufacturingS,Prefabricated wood building manufacturingS,Prefabricated wood building manufacturingMM,Wood window and door manufacturingM,"Cut stock, resawing lumber, and planing9","Other millwork, including flooringM","Cut stock, resawing lumber, and planingS",SawmillsS,Engineered wood member manufacturingS,Truss manufacturingS,Hardwood veneer and plywood manufacturingM,Reconstituted wood product manufacturingB,Wood window and door manufacturing12,Wood window and door manufacturing13,Wood window and door manufacturing11
1967-01,62.6,,,,,,,,,,,,,,,,,,,,,,,,
1967-02,,,,,,,,,,,,,,,,,,,,,,,,,
1967-03,,,,,,,,,,,,,,,,,,,,,,,,,
1967-04,,,,,,,,,,,,,,,,,,,,,,,,,
1967-05,,,,,,,,,,,,,,,,,,,,,,,,,
1967-06,,,,,,,,,,,,,,,,,,,,,,,,,
1967-07,,,,,,,,,,,,,,,,,,,,,,,,,
1967-08,,,,,,,,,,,,,,,,,,,,,,,,,
1967-09,,,,,,,,,,,,,,,,,,,,,,,,,
1967-10,,,,,,,,,,,,,,,,,,,,,,,,,
1967-11,,,,,,,,,,,,,,,,,,,,,,,,,
1967-12,,,,,,,,,,,,,,,,,,,,,,,,,
1968-01,,,,,,,,,,,,,,,,,,,,,,,,,
1968-02,,,,,,,,,,,,,,,,,,,,,,,,,
1968-03,,,,,,,,,,,,,,,,,,,,,,,,,
1968-04,,,,,,,,,,,,,,,,,,,,,,,,,
1968-05,,,,,,,,,,,,,,,,,,,,,,,,,
1968-06,,,,,,,,,,,,,,,,,,,,,,,,,
1968-07,,,,,,,,,,,,,,,,,,,,,,,,,
1968-08,,,,,,,,,,,,,,,,,,,,,,,,,
1968-09,,,,,,,,,,,,,,,,,,,,,,,,,
1968-10,,,,,,,,,,,,,,,,,,,,,,,,,
1968-11,,,,,,,,,,,,,,,,,,,,,,,,,
1968-12,,,,,,,,,,,,,,,,,,,,,,,,,
1969-01,,,,,,,,,,,,,,,,,,,,,,,,,
1969-02,,,,,,,,,,,,,,,,,,,,,,,,,
1969-03,,,,,,,,,,,,,,,,,,,,,,,,,
1969-04,,,,,,,,,,,,,,,,,,,,,,,,,
1969-05,,,,,,,,,,,,,,,,,,,,,,,,,
1969-06,,,,,,,,,,,,,,,,,,,,,,,,,
1969-07,,,,,,,,,,,,,,,,,,,,,,,,,
1969-08,,,,,,,,,,,,,,,,,,,,,,,,,
1969-09,,,,,,,,,,,,,,,,,,,,,,,,,
1969-10,,,,,,,,,,,,,,,,,,,,,,,,,
1969-11,,,,,,,,,,,,,,,,,,,,,,,,,
1969-12,,,,,,,,,,,,,,,,,,,,,,,,,
1970-01,,,,,,,,,,,,,,,,,,,,,,,,,
1970-02,,,,,,,,,,,,,,,,,,,,,,,,,
1970-03,,,,,,,,,,,,,,,,,,,,,,,,,
1970-04,,,,,,,,,,,,,,,,,,,,,,,,,
1970-05,,,,,,,,,,,,,,,,,,,,,,,,,
1970-06,,,,,,,,,,,,,,,,,,,,,,,,,
1970-07,,,,,,,,,,,,,,,,,,,,,,,,,
1970-08,,,,,,,,,,,,,,,,,,,,,,,,,
1970-09,,,,,,,,,,,,,,,,,,,,,,,,,
1970-10,,,,,,,,,,,,,,,,,,,,,,,,,
1970-11,,,,,,,,,,,,,,,,,,,,,,,,,
1970-12,,,,,,,,,,,,,,,,,,,,,,,,,
1971-01,,,,,,,,,,,,,,,,,,,,,,,,,
1971-02,,,,,,,,,,,,,,,,,,,,,,,,,
1971-03,,,,,,,,,,,,,,,,,,,,,,,,,
1971-04,,,,,,,,,,,,,,,,,,,,,,,,,
1971-05,,,,,,,,,,,,,,,,,,,,,,,,,
1971-06,,,,,,,,,,,,,,,,,,,,,,,,,
1971-07,,,,,,,,,,,,,,,,,,,,,,,,,
1971-08,,,,,,,,,,,,,,,,,,,,,,,,,
1971-09,,,,,,,,,,,,,,,,,,,,,,,,,
1971-10,,,,,,,,,,,,,,,,,,,,,,,,,
1971-11,,,,,,,,,,,,,,,,,,,,,,,,,
1971-12,,,,,,,,,,,,,,,,,,,,,,,,,
1972-01,62.1,,,,,,,,,,,,,,,,,,,,,,,,
1972-02,63.3,,,,,,,,,,,,,,,,,,,,,,,,
1972-03,63.3,,,,,,,,,,,,,,,,,,,,,,,,
1972-04,63.3,,,,,,,,,,,,,,,,,,,,,,,,
1972-05,63.3,,,,,,,,,,,,,,,,,,,,,,,,
1972-06,63.3,,,,,,,,,,,,,,,,,,,,,,,,
1972-07,63.3,,,,,,,,,,,,,,,,,,,,,,,,
1972-08,66,,,,,,,,,,,,,,,,,,,,,,,,
1972-09,66,,,,,,,,,,,,,,,,,,,,,,,,
1972-10,66,,,,,,,,,,,,,,,,,,,,,,,,
1972-11,66,,,,,,,,,,,,,,,,,,,,,,,,
1972-12,66,,,,,,,,,,,,,,,,,,,,,,,,
1973-01,65.2,,,,,,,,,,,,,,,,,,,,,,,,
1973-02,65.2,,,,,,,,,,,,,,,,,,,,,,,,
1973-03,65.2,,,,,,,,,,,,,,,,,,,,,,,,
1973-04,68.3,,,,,,,,,,,,,,,,,,,,,,,,
1973-05,68.3,,,,,,,,,,,,,,,,,,,,,,,,
1973-06,70.3,,,,,,,,,,,,,,,,,,,,,,,,
1973-07,70.3,,,,,,,,,,,,,,,,,,,,,,,,
1973-08,70.3,,,,,,,,,,,,,,,,,,,,,,,,
1973-09,70.3,,,,,,,,,,,,,,,,,,,,,,,,
1973-10,70.3,,,,,,,,,,,,,,,,,,,,,,,,
1973-11,75.3,,,,,,,,,,,,,,,,,,,,,,,,
1973-12,75.3,,,,,,,,,,,,,,,,,,,,,,,,
1974-01,75.3,,,,,,,,,,,,,,,,,,,,,,,,
1974-02,76.4,,,,,,,,,,,,,,,,,,,,,,,,
1974-03,79.3,,,,,,,,,,,,,,,,,,,,,,,,
1974-04,79.3,,,,,,,,,,,,,,,,,,,,,,,,
1974-05,79.3,,,,,,,,,,,,,,,,,,,,,,,,
1974-06,83,,,,,,,,,,,,,,,,,,,,,,,,
1974-07,83,,,,,,,,,,,,,,,,,,,,,,,,
1974-08,82.5,,,,,,,,,,,,,,,,,,,,,,,,
1974-09,82.5,,,,,,,,,,,,,,,,,,,,,,,,
1974-10,82.5,,,,,,,,,,,,,,,,,,,,,,,,
1974-11,82.5,,,,,,,,,,,,,,,,,,,,,,,,
1974-12,78.6,,,,,,,,,,,,,,,,,,,,,,,,
1975-01,72.4,,,,,,,,,,,,,,,,,,,,,,,,
1975-02,72.4,,,,,,,,,,,,,,,,,,,,,,,,
1975-03,72.4,,,,,,,,,,,,,,,,,,,,,,,,
1975-04,73.5,,,,,,,,,,,,,,,,,,,,,,,,
1975-05,73.5,,,,,,,,,,,,,,,,,,,,,,,,
1975-06,73.5,,,,,,,,,,,,,,,,,,,,,,,,
1975-07,73.5,,,,,,,,,,,,,,,,,,,,,,,,
1975-08,73.5,,,,,,,,,,,,,,,,,,,,,,,,
1975-09,73.5,,,,,,,,,,,,,,,,,,,,,,,,
1975-10,76,,,,,,,,,,,,,,,,,,,,,,,,
1975-11,76,,,,,,,,,,,,,,,,,,,,,,,,
1975-12,74.9,,,,,,,,,,,,,,,,,,,,,,,,
1976-01,74.9,,,,,,,,,,,,,,,,,,,,,,,,
1976-02,74.9,,,,,,,,,,,,,,,,,,,,,,,,
1976-03,74.9,,,,,,,,,,,,,,,,,,,,,,,,
1976-04,75,,,,,,,,,,,,,,,,,,,,,,,,
1976-05,75.3,,,,,,,,,,,,,,,,,,,,,,,,
1976-06,75.6,,,,,,,,,,,,,,,,,,,,,,,,
1976-07,75.6,,,,,,,,,,,,,,,,,,,,,,,,
1976-08,75.6,,,,,,,,,,,,,,,,,,,,,,,,
1976-09,76,,,,,,,,,,,,,,,,,,,,,,,,
1976-10,76.3,,,,,,,,,,,,,,,,,,,,,,,,
1976-11,76.3,,,,,,,,,,,,,,,,,,,,,,,,
1976-12,76.3,,,,,,,,,,,,,,,,,,,,,,,,
1977-01,76.3,,,,,,,,,,,,,,,,,,,,,,,,
1977-02,76.3,,,,,,,,,,,,,,,,,,,,,,,,
1977-03,77.9,,,,,,,,,,,,,,,,,,,,,,,,
1977-04,77.9,,,,,,,,,,,,,,,,,,,,,,,,
1977-05,77.9,,,,,,,,,,,,,,,,,,,,,,,,
1977-06,78.2,,,,,,,,,,,,,,,,,,,,,,,,
1977-07,79.2,,,,,,,,,,,,,,,,,,,,,,,,
1977-08,79.2,,,,,,,,,,,,,,,,,,,,,,,,
1977-09,80.1,,,,,,,,,,,,,,,,,,,,,,,,
1977-10,80.4,,,,,,,,,,,,,,,,,,,,,,,,
1977-11,80.8,,,,,,,,,,,,,,,,,,,,,,,,
1977-12,80.8,,,,,,,,,,,,,,,,,,,,,,,,
1978-01,82.2,,,,,,,,,,,,,,,,,,,,,,,,
1978-02,82.2,,,,,,,,,,,,,,,,,,,,,,,,
1978-03,82.2,,,,,,,,,,,,,,,,,,,,,,,,
1978-04,83.9,,,,,,,,,,,,,,,,,,,,,,,,
1978-05,83.9,,,,,,,,,,,,,,,,,,,,,,,,
1978-06,86.4,,,,,,,,,,,,,,,,,,,,,,,,
1978-07,87.3,,,,,,,,,,,,,,,,,,,,,,,,
1978-08,87.3,,,,,,,,,,,,,,,,,,,,,,,,
1978-09,88.2,,,,,,,,,,,,,,,,,,,,,,,,
1978-10,88.5,,,,,,,,,,,,,,,,,,,,,,,,
1978-11,92.1,,,,,,,,,,,,,,,,,,,,,,,,
1978-12,93.8,,,,,,,,,,,,,,,,,,,,,,,,
1979-01,95.4,,,,,,,,,,,,,,,,,,,,,,,,
1979-02,98.9,,,,,,,,,,,,,,,,,,,,,,,,
1979-03,98.9,,,,,,,,,,,,,,,,,,,,,,,,
1979-04,100.5,,,,,,,,,,,,,,,,,,,,,,,,
1979-05,105.5,,,,,,,,,,,,,,,,,,,,,,,,
1979-06,106.8,,,,,,,,,,,,,,,,,,,,,,,,
1979-07,109.1,,,,,,,,,,,,,,,,,,,,,,,,
1979-08,106.6,,,,,,,,,,,,,,,,,,,,,,,,
1979-09,107.2,,,,,,,,,,,,,,,,,,,,,,,,
1979-10,107.2,,,,,,,,,,,,,,,,,,,,,,,,
1979-11,107.8,,,,,,,,,,,,,,,,,,,,,,,,
1979-12,107.8,,,,,,,,,,,,,,,,,,,,,,,,
1980-01,107.8,,,,,,,,,,,,,,,,,,,,,,,,
1980-02,107.8,,,,,,,,,,,,,,,,,,,,,,,,
1980-03,109.1,,,,,,,,,,,,,,,,,,,,,,,,
1980-04,108.8,,,,,,,,,,,,,,,,,,,,,,,,
1980-05,108.8,,,,,,,,,,,,,,,,,,,,,,,,
1980-06,108.8,,,,,,,,,,,,,,,,,,,,,,,,
1980-07,108.8,,,,,,,,,,,,,,,,,,,,,,,,
1980-08,108.8,,,,,,,,,,,,,,,,,,,,,,,,
1980-09,108.8,,,,,,,,,,,,,,,,,,,,,,,,
1980-10,109.8,,,,,,,,,,,,,,,,,,,,,,,,
1980-11,109.8,,,,,,,,,,,,,,,,,,,,,,,,
1980-12,110.1,100,,,,,,,,,,,,,,,,,,,,,,,
1981-01,106.7,100.2,,,,,,,,,,,,,,,,,,,,,,,
1981-02,107.4,99,,,,,,,,,,,,,,,,,,,,,,,
1981-03,107.4,99.6,,,,,,,,,,,,,,,,,,,,,,,
1981-04,108.7,103.9,,,,,,,,,,,,,,,,,,,,,,,
1981-05,109.1,100.6,,,,,,,,,,,,,,,,,,,,,,,
1981-06,109.8,101.1,,,,,,,,,,,,,,,,,,,,,,,
1981-07,111.1,103.8,,,,,,,,,,,,,,,,,,,,,,,
1981-08,114.2,104,,,,,,,,,,,,,,,,,,,,,,,
1981-09,114.2,103.8,,,,,,,,,,,,,,,,,,,,,,,
1981-10,114.5,103.8,,,,,,,,,,,,,,,,,,,,,,,
1981-11,113.8,102.6,,,,,,,,,,,,,,,,,,,,,,,
1981-12,113.8,105.9,,,,,,,,,,,,,,,,,,,,,,,
1982-01,113.8,105.4,,,,,,,,,,,,,,,,,,,,,,,
1982-02,113.8,105.2,,,,,,,,,,,,,,,,,,,,,,,
1982-03,113.8,106.6,,,,,,,,,,,,,,,,,,,,,,,
1982-04,114.5,109.5,,,,,,,,,,,,,,,,,,,,,,,
1982-05,114.5,108.2,,,,,,,,,,,,,,,,,,,,,,,
1982-06,114.5,108.7,,,,,,,,,,,,,,,,,,,,,,,
1982-07,111.8,108.5,,,,,,,,,,,,,,,,,,,,,,,
1982-08,111.8,106,,,,,,,,,,,,,,,,,,,,,,,
1982-09,108,104.8,,,,,,,,,,,,,,,,,,,,,,,
1982-10,108,103.6,,,,,,,,,,,,,,,,,,,,,,,
1982-11,108,102.5,,,,,,,,,,,,,,,,,,,,,,,
1982-12,108,103.2,100,,,,,,,,,,,,,,,,,,,,,,
1983-01,108,107.7,,,,,,,,,,,,,,,,,,,,,,,
1983-02,108,111.9,,,,,,,,,,,,,,,,,,,,,,,
1983-03,106.2,113.9,,,,,,,,,,,,,,,,,,,,,,,
1983-04,109,114.1,,,,,,,,,,,,,,,,,,,,,,,
1983-05,109.7,116.6,,,,,,,,,,,,,,,,,,,,,,,
1983-06,111.7,122.7,,,,,,,,,,,,,,,,,,,,,,,
1988-07,106.3,121,,,103,105.2,102.6,,,,,,,,,,,,,,,,,,
1988-08,106.6,108.9,,,103.2,105.2,102.6,,,,,,,,,,,,,,,,,,
1988-09,106.6,105.8,,,103.2,105.2,103.2,,,,,,,,,,,,,,,,,,
1988-10,106.5,108.3,,,103.2,105.2,103.2,,,,,,,,,,,,,,,,,,
1988-11,106.6,116.8,,,103.3,106.4,103.2,,,,,,,,,,,,,,,,,,
1988-12,106.6,119.8,,,103.3,106.4,106.4,,,,,,,,,,,,,,,,,,
1989-01,106.6,117.5,,,103.3,118.6,106.4,,,,,,,,,,,,,,,,,,
1989-02,106.6,123.4,,,103.3,131.4,106.4,,,,,,,,,,,,,,,,,,
1989-03,106.9,120.6,,,103.3,131.4,106.6,,,,,,,,,,,,,,,,,,
1989-04,107.3,123.9,,,103.4,131.4,106.4,,,,,,,,,,,,,,,,,,
1989-05,109.8,122.7,,,103.8,149,105.1,,,,,,,,,,,,,,,,,,
1989-06,110.4,125.6,,,103.8,149,105.9,,,,,,,,,,,,,,,,,,
1989-07,111.5,130.6,,,104.2,149,107,,,,,,,,,,,,,,,,,,
1989-08,112,121.3,,,104.2,149,106.9,,,,,,,,,,,,,,,,,,
1989-09,112,120,,,104,149,106.9,,,,,,,,,,,,,,,,,,
1989-10,112.1,124.4,,,104,149,106.8,,,,,,,,,,,,,,,,,,
1989-11,112.1,117.5,,,104.5,147.1,106.8,,,,,,,,,,,,,,,,,,
1989-12,113.2,117.1,,,103.4,147.1,106.7,100,,,,,,,,,,,,,,,,,
1990-01,112.8,118.4,,,103.3,147.1,107.4,100,,,,,,,,,,,,,,,,,
1990-02,113.1,123.3,,,103.3,145.9,107.4,101.2,,,,,,,,,,,,,,,,,
1990-03,113.1,124.7,,,103.8,145.9,107.2,101.2,,,,,,,,,,,,,,,,,
1990-04,112.9,135.3,,,103.8,145.9,107.1,101.2,,,,,,,,,,,,,,,,,
1990-05,115.1,134.1,,,104,145.3,106.9,101.2,,,,,,,,,,,,,,,,,
1990-06,116,125,,,104.4,145.3,106.8,101.2,,,,,,,,,,,,,,,,,
1990-07,116.8,126.3,,,104.6,145.3,106.8,101.2,,,,,,,,,,,,,,,,,
1990-08,116.8,116.5,,,106.3,150.7,106.8,101.2,,,,,,,,,,,,,,,,,
1990-09,116.8,112.4,,,106.9,149.4,106.8,101.2,,,,,,,,,,,,,,,,,
1990-10,116.6,107.2,,,104.9,149.4,106.8,102.1,,,,,,,,,,,,,,,,,
1990-11,115.7,111.7,,,104.8,148.5,106.9,102.1,,,,,,,,,,,,,,,,,
1990-12,115,109.1,,,105.7,148.5,106.7,102.1,,,,,,,,,,,,,,,,,
1991-01,115,111.8,,,106.1,145.8,106.8,102.1,,,,,,,,,,,,,,,,,
1991-02,115,109.7,,,106.1,147.8,106.9,102.1,,,,,,,,,,,,,,,,,
1991-03,113.7,115.2,,,105.6,147.8,106.9,102.1,,,,,,,,,,,,,,,,,
1991-04,114.7,123.1,,,105.6,147.4,107,102.1,,,,,,,,,,,,,,,,,
1991-05,114.9,128.1,,,105.5,147.4,107.9,102.1,,,,,,,,,,,,,,,,,
1991-06,115.2,142.3,,,105.5,148.2,107.9,109.3,100,100,,,,,,,,,,,,,,,
1991-07,114.6,130.9,119.3,93.1,105.5,149.5,107.5,110,,99.4,,,,,,,,,,,,,,,
1991-08,114.6,120.1,106.6,92.3,105.5,149.5,108.3,110,,99,,,,,,,,,,,,,,,
1991-09,114.7,120.6,101.3,92.7,105.6,149.5,107.4,110.4,,99.9,,,,,,,,,,,,,,,
1991-10,114.4,118.2,93.4,93.3,105.6,150.4,106.8,110.4,,100.2,,,,,,,,,,,,,,,
1991-11,113.5,120.5,90.7,94.6,105.6,151.6,107.4,110.4,,100.3,,,,,,,,,,,,,,,
1991-12,113.2,123.3,90.7,96.7,105.6,151.6,106.9,110.4,,100.2,,,,,,,,,,,,,,,
1992-01,113.8,123.3,95.1,100.3,105.8,157.5,107.4,110.4,,100.4,100,,,,,,,,,,,,,,
1992-02,113.7,132.4,115.5,102.4,105.8,157.5,106.5,112.2,,101.3,,,,,,,,,,,,,,,
1992-03,114.4,138.3,124.5,105,124.1,157.5,108.2,112.2,,101.4,,,,,,,,,,,,,,,
1992-04,116.2,137.7,120.6,107.3,124.1,164.3,108.1,113.2,,101.6,,,,,,,,,,,,,,,
1992-05,117.4,134.2,121,108.4,124.1,165.7,108.9,113.2,,101.9,,,,,,,,,,,,,,,
1992-06,117.6,128.8,120.1,108.6,124.1,172,108.9,113.2,,101.9,,,,,,,,,,,,,,,
1992-07,118,124.9,119.9,108.5,121.8,172,107.8,113.2,,101.6,,,,,,,,,,,,,,,
1992-08,118.3,131.2,125.3,109.6,122,176.3,107.5,113.2,,101.5,,100,,,,,,,,,,,,,
1992-09,118.4,143.3,141.9,110.1,122,177.1,108.2,113.2,,102,,,,,,,,,,,,,,,
1992-10,118.1,141,138.1,111.5,123.7,180.9,107.8,113.2,99.5,103.5,,,,,,,,,,,,,,,
1992-11,118.2,132.2,130.5,113.8,123.7,182.2,109.1,113.2,99.5,103.4,,,,,,,,,,,,,,,
1992-12,118.3,141.4,131.4,116.9,123.7,182.2,109.7,114.3,99.5,103.2,,,,,,,,,,,,,,,
1993-01,119.4,149.1,143.9,121,123.7,180.3,110.1,114.3,99.5,103.5,,,,,,,,,,,,,,,
1993-02,120.1,155.5,157.2,122.9,123.7,181.2,110.1,116.1,99.5,105.3,,,,,,,,,,,,,,,
1993-03,122.4,172.3,172.8,124.5,123.7,189.3,111.4,116.4,102.5,109,,,,,,,,,,,,,,,
1993-04,126.6,174.7,164.1,128,124,190.6,113.3,116.4,103.9,111.4,,,,,,,,,,,,,,,
1993-05,129.1,154.1,149.4,131.4,124,190.8,113,116.4,105.6,116.5,,,,,,,,,,,,,,,
1993-06,130.5,143.8,132,131.6,125,190.8,114.6,117.9,105.6,118.3,,,,,,,,,,,,,,,
1993-07,131.2,143.5,124.7,131.2,125,192.1,115.1,117.9,117,118.7,,,,,,,,,,,,,,,
1993-08,133,151.2,121.9,131,125.3,199.3,118.9,117.9,117,120.2,,,,,,,,,,,,,,,
1993-09,131.9,157.5,128.4,130.9,125.4,174.9,119.7,117.9,117,125.1,,,,,,,,,,,,,,,
1993-10,132.1,186.3,125.5,131,125.5,177.3,122,120,,120.4,,,,,,,,,,,,,,,
1993-11,131.5,198.1,134.2,131.4,130.1,177.1,122.4,120.2,,117.2,,,,,,,,,,,,,,,
1993-12,131.7,196.2,144.7,131.5,133.5,177.1,122.7,127.8,,116.3,,,,,,,,,,,,,,,
1994-01,133,200.7,149.4,131.8,133.5,177.1,124.1,120.2,,116,,,,,,,,,,,,,,,
1994-02,134.5,195.9,148.5,132.9,133.5,177.8,123.3,128.3,,118.2,,,,,,,,,,,,,,,
1994-03,135.3,187.9,151.6,135.1,133.5,180.1,120.3,128.3,,119.2,,,,,,,,,,,,,,,
1994-04,135.9,175.9,142.6,135.5,133.5,182.7,124.4,129.1,,121.7,,158.5,,,,,,,,,,,,,
1994-05,135.7,171.1,142.4,135.2,133.8,182.7,125.5,128.5,,123.4,,158.5,,,,,,,,,,,,,
1994-06,136,170,141.9,134.7,133.8,186.3,127,130.7,,123.5,,156.8,,,,,,,,,,,,,
1994-07,134.2,162,141.8,132.1,133.8,176.1,127.9,130.7,,123.3,,156.8,,,,,,,,,,,,,
1994-08,134.3,167.2,149.3,131.6,133.8,174.4,127.9,131.4,,124.9,,156.8,,,,,,,,,,,,,
1994-09,133.8,162,159.4,130.6,133.9,174.4,127.7,131.6,,124.4,,159.5,,,,,,,,,,,,,
1994-10,132.4,170.4,152.8,130.1,133.9,174.4,128.1,132.1,,124.4,,160.3,,,,,,,,,,,,,
1994-11,132,193.2,165.9,129.9,133.9,173.4,128.4,132.1,,124.4,,161.7,,,,,,,,,,,,,
1994-12,131.4,178.1,164.4,130.2,133.9,175.1,127.6,132.1,,124.4,,161.7,,,,,,,,,,,,,
1995-01,132.1,184.3,151.9,130,139.4,175.1,127.3,136.9,,125.7,,161.5,,,,,,,,,,,,,
1995-02,133.2,176.4,152.3,129.8,139.4,175.1,127.4,138.5,,127.2,,162.3,,,,,,,,,,,,,
1995-03,132.9,172.5,148.2,129.3,139.4,175.1,127.2,138.5,,128.5,,162.3,,,,,,,,,,,,,
1995-04,134.8,165.3,145.7,128.6,139.4,175.1,127.5,138.5,,127.6,,163.1,,,,,,,,,,,,,
1995-05,133.8,166,141.1,126.7,139.9,176.8,130.7,138.9,,127.2,,163.1,,,,,,,,,,,,,
1995-06,133.5,153.6,128.5,126.6,139.9,176.8,130.6,138.9,,124.8,,161.9,,,,,,,,,,,,,
1995-07,132.3,157.2,141.5,124.6,139.7,176.8,130.8,138.5,,124,,161.9,,,,,,,,,,,,,
1995-08,132.4,157.9,149.2,125.3,139.7,176.8,129.4,138.5,,124.1,,164,,,,,,,,,,,,,
1995-09,132.5,162.7,162.1,125.2,139.7,176.8,129.5,138.1,,124.1,,166.7,,,,,,,,,,,,,
1995-10,132.4,160.3,165.8,125.7,139.7,176.8,128.5,138.1,,123.8,,166.7,,,,,,,,,,,,,
1995-11,133.1,156.2,162.9,122.4,139.7,176.8,128.3,138.1,,123.8,,166.7,,,,,,,,,,,,,
1995-12,134,152.6,147.3,122,139.7,176.8,127.6,138.1,,124,,166.7,,,,,,,,,,,,,
1996-01,133.9,143.4,135.2,121.4,139.7,176.8,127.3,139.1,,124.7,,166.7,,,,,,,,,,,,,
1996-02,134.8,134.8,132.3,121.7,139.7,176.8,126.5,140.9,,124.4,,167.8,,,,,,,,,,,,,
1996-03,134.8,135.8,131.1,122.7,139.7,176.8,125.4,141.9,,124.4,,167.8,,,,,,,,,,,,,
1996-04,134.4,130.9,131.2,121,139.7,176.8,126.9,141.9,,124,,160,,,,,,,,,,,,,
1996-05,135.9,122.9,137.6,120,139.7,176.8,126.3,141.9,,124.2,,160,,,,,,,,,,,,,
1996-06,139.2,128.2,135.3,120,139.7,176.8,127.9,141.9,,124,,160,,,,,,,,,,,,,
1996-07,139.5,119,128.2,120.1,140.4,176.8,128.7,141.9,123.4,124,,160,,,,,,,,,,,,,
1996-08,139.9,119.2,126,120.6,140.4,176.8,129.2,141.9,123.4,124,,163.3,,,,,,,,,,,,,
1996-09,139.6,122,136.2,120.6,140.4,176.8,129.8,143.8,121,124,,166.5,,,,,,,,,,,,,
1996-10,140,116.9,128.6,122.1,140.4,176.8,130.5,145.8,121,124,,171.8,,,,,,,,,,,,,
1996-11,140,123.7,119.5,122.8,140.4,176.8,130.8,145.8,121,123.9,,171.8,,,,,,,,,,,,,
1996-12,139.6,119.9,112,123.7,141,176.8,129.8,145.8,121,123.6,,171.8,,,,,,,,,,,,,
1997-01,140.9,119.9,108.3,125.4,141.4,176.8,129.7,146.5,121,123.5,,171.8,,,,,,,,,,,,,
1997-02,141,120.4,104.7,126.8,141.4,176.8,128.7,146.5,121,123.2,,175.5,,,,,,,,,,,,,
1997-03,141.1,119.3,106.4,127.8,141.4,176.8,128.9,146.5,121,123.3,,176.2,,,,,,,,,,,,,
1997-04,141.2,121,103.6,128,141.4,181,124.7,146.5,121,122,,176.2,,,,,,,,,,,,,
1997-05,141.4,125.8,101.7,129,141.4,181,125.8,146.5,121,122,,176.2,,,,,,,,,,,,,
1997-06,141.5,121.9,105.6,130,141.4,181,125.9,146.5,121,121.8,,176.2,,,,,,,,,,,,,
1997-07,141.3,123.9,102.6,131.8,141.1,181,125.9,146.5,121,122,,176.2,,,,,,,,,,,,,
1997-08,141.7,124,103.2,135.7,141.1,181,125.9,146.5,121,121.8,,176.2,,,,,,,,,,,,,
1997-09,141.5,124,110.6,138.8,141.1,181,125.9,146.5,121,121.5,,176.2,,,,,,,,,,,,,
1997-10,141.4,126.9,110.5,142.2,141.1,181,125.9,146.5,119.9,121.8,,176.2,,,,,,,,,,,,,
1997-11,141.5,137.5,132.9,144.2,141.1,187.4,125.9,146.5,119.9,121.3,,176.2,,,,,,,,,,,,,
1997-12,141.6,136,130.9,146.4,141.1,181,125.3,146.5,119.9,121.2,,176.2,,,,,,,,,,,,,
1998-01,141.8,132.1,111.9,148.1,141.8,181,125,146.5,119.9,121.2,,176.2,,,,,,,,,,,,,
1998-02,141.5,140.5,118.7,149.9,141.8,181,124.3,146.5,119.9,121.1,,176.2,,,,,,,,,,,,,
1998-03,141.1,142.7,115.3,151.2,141.8,181,123.3,146.5,119.9,121.1,,176.2,,,,,,,,,,,,,
1998-04,140.9,137.9,123.8,151.9,141.8,181,123.3,146.5,119.9,121.3,,176.2,,,,,,,,,,,,,
1998-05,140.9,136.4,128.2,152.2,141.8,181,123.5,146.5,119.9,121.4,,176.2,,,,,,,,,,,,,
1998-06,140.9,128.4,125.9,150.9,141.8,191.7,123.8,146.5,119.9,121.5,,176.2,100,,,,,,,,,,,,
1998-07,140.1,140.5,141.3,150.2,141.8,191.7,122.3,149.2,119.9,121.7,,176.2,,,,,,,,,,,,,
1998-08,140,137.3,162.9,148.4,141.8,191.7,124.7,152.5,120.8,121.7,,176.4,,,,,,,,,,,,,
1998-09,140,138.1,165.8,143.6,141.8,191.7,124.2,147.9,120.8,121.8,,178.6,,,,,,,,,,,,,
1998-10,140,126.1,135.5,141.9,141.8,189.5,125,143.4,120.8,121.8,,178.6,100,,,,,,,,,,,,
1998-11,139.7,124.2,124.8,140.8,141.8,189.5,125,143.4,121.3,121.7,,178.3,100,,,,,,,,,,,,
1998-12,139.6,128.2,117.6,139.3,142.4,189.5,125.6,144.5,121.8,121.8,,178.3,101.5,,,,,,,,,,,,
1999-01,139.7,134.4,127.2,137.1,142.4,190.4,125.7,143.8,122.1,121.5,,178.7,101.7,,,,,,,,,,,,
1999-02,138.3,136.1,124.7,135.1,142.4,192.9,130.7,146.9,122.1,121.6,,178.7,101.9,,,,,,,,,,,,
1999-03,140.1,141,149,133.2,142.2,194.1,130,150.8,122.1,121.8,,178.7,102.1,,,,,,,,,,,,
1999-04,142.7,134.6,149.6,133,142.2,196.4,130,151,122.1,122.8,,178.8,102.1,,,,,,,,,,,,
1999-05,142.8,135.3,160.5,133.7,142.2,196,130.2,155.9,122.1,123.1,115.7,178.3,102.1,,,,,,,,,,,,
1999-06,142.9,142.5,171.8,134.5,142.2,194.5,128.1,160.9,122.1,125.2,115.7,179.1,102.1,,,,,,,,,,,,
1999-07,143.6,158.7,183.8,135.4,143,191.2,128.2,164.7,119.5,126,115.7,179.5,102.9,,,,,,,,,,,,
1999-08,144.7,148.9,186.1,136.3,143.5,187.7,127.8,163.6,120.8,126.4,115.7,179.6,102.7,,,,,,,,,,,,
1999-09,144.7,142.6,166.5,136.6,143.6,180.4,132.5,157.8,120.8,127.7,115.7,178.9,102.7,,,,,,,,,,,,
1999-10,145.1,130.7,147.6,136.3,143.6,178.4,134.1,157.5,120.8,128.2,115.7,178.7,102.7,,,,,,,,,,,,
1999-11,145.4,131.2,141.4,136.8,143.6,180.6,134.1,152.7,121.1,127.9,115.7,178.7,102.7,,,,,,,,,,,,
1999-12,145.4,136.3,147.8,136.5,143.6,183.3,134.7,155.1,125.4,128,116.8,178.5,103.4,,,,,,,,,,,,
2000-01,145.1,136.4,148,135.4,146.1,184.5,136.4,154.2,125.4,128.4,116.8,178.5,103.4,,,,,,,,,,,,
2000-02,142.4,134.3,153,134,145.6,185.6,134.6,154.1,125.4,128.5,116.8,178.5,103.4,,,,,,,,,,,,
2000-03,143.2,134.5,163.7,133.8,145.6,186.8,134.7,155.6,125.4,128.6,116.8,179,103.4,,,,,,,,,,,,
2000-04,143.1,133.8,168.2,133.1,145.6,189.2,134.9,156.6,125.4,128.8,116.8,178.5,103.4,,,,,,,,,,,,
2000-05,144.2,126.8,153.9,134.5,145.6,188.1,134.8,168.5,125.4,128.8,116.8,178.5,103.4,,,,,,,,,,,,
2000-06,145.1,131.1,142.5,134.8,143.3,186.5,134.9,168.4,125.4,128.6,117.6,179.2,103.4,,,,,,,,,,,,
2000-07,145.4,129.7,127.7,136.2,143.3,186.5,134.5,166.3,125.4,128.1,117.6,179.2,103.4,,,,,,,,,,,,
2000-08,144.8,126,115.4,136.1,145.6,186.1,132.9,164.5,125.4,127.7,117.6,179.2,103.4,,,,,,,,,,,,
2000-09,144.8,124.1,112.1,136.8,145.6,185,131.8,164.2,125.4,127.2,117.6,179.2,103.4,,,,,,,,,,,,
2000-10,144.9,124.2,110.5,139.9,145.6,185.4,133,162.3,125.4,125.8,117.6,178.8,103.4,,,,,,,,,,,,
2000-11,144.9,124.1,110.4,139.5,145.6,186.5,136.3,157.2,122.9,125.7,117.6,177.9,103.4,,,,,,,,,,,,
2000-12,144.2,124.1,103.8,142.1,145.6,187.3,145.5,160.5,122.9,125.2,117.6,179.4,103.4,,,,,,,,,,,,
2001-01,144.3,119,98.4,143,145.6,188.1,145.5,153.1,122.9,124.8,118,183.5,103.4,,,,,,,,,,,,
2001-02,144.2,121.9,99.1,142,145.6,188.1,146.3,153.3,122.9,124.2,118,183.8,103.8,,,,,,,,,,,,
2001-03,143.9,121.3,102.5,142.8,145.5,188.1,147.3,158.9,122.9,124.4,118,184.4,110,,,,,,,,,,,,
2001-04,143.9,117.9,103.1,141.9,145.5,185.8,147.3,159.2,119.6,124.2,118,184.6,110,,,,,,,,,,,,
2001-05,143.4,135.7,132.3,141.5,145.5,185,147,170.2,120.3,124.3,118,184.9,110,,,,,,,,,,,,
2001-06,143.8,146.8,135.1,139.8,145.5,184.2,147.2,173.6,121.6,124.1,118,183.2,110,,,,,,,,,,,,
2001-07,144.1,123.6,129.5,139.7,145.5,179.5,148.9,166.2,121.6,123.8,118,182.9,110,,,,,,,,,,,,
2001-08,144.2,119.2,126.9,139.9,145.5,178.8,145.9,165.2,120.3,122.6,118,182.6,110,,,,,,,,,,,,
2001-09,143.8,117.4,119.9,140.8,151.6,178.4,145.9,168.6,120.3,123.2,118,182.9,110,,,,,,,,,,,,
2001-10,143.9,102.2,111.1,137.7,151.6,177.2,145.9,160.8,120.3,122.3,118,182.6,110,,,,,,,,,,,,
2001-11,141.2,104.4,108.7,138,151.6,177.2,145.9,160.4,119.6,121.8,,182.3,111.1,,,,,,,,,,,,
2001-12,141.4,102.4,106.4,138.3,151.6,178.4,145.9,160.1,119.1,121.7,,182,110,,,,,,,,,,,,
2002-01,141.1,108.4,104.2,136,151.6,179.1,145.9,159.7,119.1,121.3,,184.1,110.3,,,,,,,,,,,,
2002-02,141.4,107.2,111.6,134.8,152,179.5,145.9,161.9,119.1,121.2,,184.4,110.3,,,,,,,,,,,,
2002-03,142.3,120,129.1,134.8,152,183,146.9,166.6,119.1,121.1,,184.7,110.3,,,,,,,,,,,,
2002-04,142.7,123.2,128,133.9,152,181.9,149.6,169.1,119.1,120.6,,185.6,110.3,,,,,,,,,,,,
2002-05,142.9,120.9,118,133.2,152,182.6,149.6,171.2,119.1,121.7,,185.6,110.3,,,,,,,,,,,,
2002-06,143.2,117.1,112,130,152,183.8,147.7,170.5,119.8,121.3,,186.1,110.3,,,,,,,,,,,,
2002-07,143.5,118.7,119.3,131,152,184.2,147.7,168.2,119.8,121,,185.6,110.3,,,,,,,,,,,,
2002-08,143,111.6,125.9,131.9,152,186.1,147.7,168.3,119.8,120.8,,185.6,110.3,,,,,,,,,,,,
2002-09,143.3,109.4,121.5,133.2,152,185.7,147.7,167.8,119.8,120.6,,185.2,110.3,,,,,,,,,,,,
2002-10,143.3,104,122.4,134.6,152,183,147.7,168.2,119.8,120.1,,185.2,110.3,,,,,,,,,,,,
2002-11,142.5,103.9,122.9,134.2,152,189.7,147.7,168.7,119.8,118.8,,184.7,113.5,,,,,,,,,,,,
2002-12,142.5,104.9,121.6,134.1,152,190.5,147.7,169,120.8,118.2,,185.2,113.5,,,,,,,,,,,,
2003-01,141,104.4,124.1,136,152,192,147.7,164,120.8,118.2,,185.9,113.5,,,,,,,,,,,,
2003-02,140.4,108.5,152.6,136.1,152,192.4,146.1,166.4,117.5,118.2,,186.9,113.5,,,,,,,,,,,,
2003-03,140.4,108.8,141,140.1,152,192.4,144.7,169.2,118.3,114.8,,187.5,114.7,,,,,,,,,,,,
2003-04,140.4,108.9,156.7,143,152,192,156.4,166.4,118.3,115.4,,187.5,114.5,,,,,,,,,,,,
2003-05,139.4,108.8,163.3,147,152,192,156.9,172.5,118.3,115.4,,186.3,114.5,,,,,,,,,,,,
2003-06,139.4,111.7,178.6,152.6,152,190.9,158.3,180.1,118.3,115.4,,185.9,114.5,,,,,,,,,,,,
2003-07,138.7,122.4,242.4,159.9,152,191.6,158.3,181.8,118.3,115.4,,186.3,114.5,,,,,,,,,,,,
2003-08,138.2,117.8,259.5,159.3,152,191.6,158,181.9,118.3,115.4,,186.8,114.5,,,,,,,,,,,,
2003-09,138.2,130.8,319,150.8,153.3,193.7,159.2,193.9,118.3,118.1,,187.2,114.5,,,,,,,,,,,,
2003-10,138.6,118.8,343.6,151.7,153.3,192.6,,191.6,118.3,118.1,,187.7,114.5,,,,,,,,,,,,
2003-11,137.7,121.8,346.3,159.2,153.3,194.8,,193.5,118.3,118.1,,187.7,115.5,,,,,,,,,,,,
2003-12,138.1,121.8,276.9,160.5,153.3,188.1,,191.3,118.3,118.1,,188.1,,100,100,100,100,100,100,100,,,,,
2004-01,138.5,120.5,218.3,168.2,153.3,188.9,,178.9,118.3,119.5,,188.3,,100,103.8,100,100,100.3,100,98.2,,,,,
2004-02,139.8,123,322.4,168.2,153.3,187.2,,188.5,118.3,121.1,,188.3,,100,103.8,100,100,100.4,101.9,101.4,,,,,
2004-03,140.6,126.9,381.5,168.4,153.3,185.6,,194.5,118.3,121.2,,188.8,,100.4,103.8,100,102.4,100.4,101.9,103.2,,,,,
2004-04,146.7,139.3,394.9,168.1,153.3,183.9,,195.1,118.3,121.7,,190.4,,100.4,103.8,100,102.9,100.5,101.9,103.1,,,,,
2004-05,149,151.5,393.6,167.2,154,181.3,,199.5,118.3,124.4,,191,,100.4,103.8,100,102.7,100.6,101.9,107.5,,,,,
2004-06,149.6,142.3,318.2,168.1,154,172.9,,195.3,118.3,127.9,,191.1,,100.4,103.8,100,102.7,103.1,101.9,107.9,,,,,
2004-07,149.3,141.7,234.6,168.4,154,171.2,,193.3,118.3,129.7,,190.6,,100.4,103.8,100,102.7,105.9,101.9,106.9,,,,,
2004-08,149.1,148.7,284.4,171,154,167.9,,193.4,118.3,133.5,,190.6,,100.4,103.8,100,102.9,106,101.9,103.4,,,,,
2004-09,150.6,137.8,319.6,169.2,154,,,197.7,123.8,132.8,,190.2,,100.4,103.8,101.4,104.4,106,101.9,109,,,,,
2004-10,150.4,125,234.4,169.2,154,,,195.2,123.8,132.9,,189.7,,100.4,103.8,101.4,103.3,105.8,101.9,108.5,,,,,
2004-11,150,112.2,189.4,168.8,159,,,185.3,123.8,130.1,,190.2,,100.4,103.8,101.4,102.4,104.5,101.9,107.1,,,,,
2004-12,150.4,115.9,230.1,165.7,159,,,184.8,123.8,130.1,,189.7,,100.4,103.8,101.4,107.2,104.6,101.9,108.1,,,,,
2005-01,150.6,119,269.8,164.2,159.1,,,183.2,123.8,130.1,,190.6,,100.4,103.8,101.4,107.2,104.7,101.9,109.6,,,,,
2005-02,150.4,129.7,307.3,160.3,159.1,,,189.7,123.8,130.1,,191.1,,101.2,103.8,101.4,107.7,104.8,97.1,110.9,,,,,
2005-03,148.8,132.7,326.4,160.3,159.1,,,196.2,123.8,130.1,,191.1,,101.2,103.8,101.4,107.8,104.8,97.6,113,,,,,
2005-04,151.1,138.6,276.1,159,159.1,,,194.7,123.8,132.1,,191.6,,101.2,103.8,101.4,108.7,107.1,97.6,113.2,,,,,
2005-05,151.2,123.4,218.4,159,159.1,,,193.9,123.8,132.8,,190.6,,101.2,103.8,101.4,108.4,106.3,97.6,113.6,,,,,
2005-06,151.4,143.6,268.7,158.6,159.1,,,194.7,123.8,132.8,,191.6,,101.2,103.8,101.4,105,106.4,99.7,112.1,,,,,
2005-07,151.4,132.6,222.7,158,159.1,,,189.9,125.9,132.1,,191.6,,101.2,103.8,101.4,104.8,106.9,99.7,109.5,,,,,
2005-08,151.4,128.9,202,157,159.1,,,189.6,126.6,132.1,,191.1,,101.2,103.8,101.4,104.3,107.9,99.7,108.6,,,,,
2005-09,151.2,132.4,283.7,157,159.1,,,197.3,126.6,132.9,,192.5,,101.2,103.8,101.4,107.3,107.6,98.3,112.5,,,,,
2005-10,151.4,123.8,344.6,158.8,159.1,,,198.5,126.6,132.9,,191.4,,101.2,103.8,101.4,107.3,107.4,98.3,116.7,,,,,
2005-11,154.8,117.4,223.5,157.5,159.1,,,191.9,126.6,133.3,,190.8,,101.2,103.8,101.4,107.4,107.5,98.3,116.1,,,,,
2005-12,154.8,115.6,242.1,157.4,159.1,,,191.7,126.6,134.2,,190.3,,101.2,103.8,101.4,102.9,109.9,98.3,113.8,100,,,,
2006-01,154.8,117.3,265.1,154.5,162.4,168.1,,189.9,127.1,134.2,,191.4,,101.2,103.8,101.4,103,111.1,98.3,108.4,104.3,,,,
2006-02,154.6,117.8,243.7,153.8,162.4,170.8,,190.2,126.6,135.9,,191.4,,102.3,103.8,101.4,102.1,117.5,98.3,109.5,102.8,,,,
2006-03,155.1,117.1,232.8,152.1,162.4,173.2,,191.9,125.5,139.3,,191.4,,107.5,103.8,99.8,101.7,117.2,98.3,107.5,113,,,,
2006-04,155.8,115.6,235.4,154.5,162.4,174.2,,186,125.5,145.9,,191.9,,107.5,103.8,100.5,101.5,119.7,98.3,107.2,113,,,,
2006-05,156.2,120.5,224,152.5,162.4,174.2,,190.6,125.1,152.4,,191.4,,107.5,103.8,99.7,104.1,121.6,98.3,108.3,113,,,,
2006-06,156.5,118.1,194.3,152.9,162.4,174.2,,185.4,125.3,153,,191.9,,107.5,103.8,96.7,104.1,124.8,98.3,105.6,113,,,,
2006-07,157.3,115.7,177.9,138,162.4,173.7,,185.3,125.2,153,,190.8,,107.5,104.8,96.7,100.9,121.2,98.3,105.5,113,,,,
2006-08,157.3,110.3,166.8,138.4,162.4,161.2,,184.8,125.2,153,,190.3,,107.5,104.8,94.7,100.7,121.2,98.3,101.7,113,,,,
2006-09,157.7,107.8,153.8,139.2,162.4,176.9,,184.2,125.4,152.1,,190.3,,107.5,104.8,93.8,100.2,121.2,118,101.6,113,,,,
2006-10,159.5,102.6,133.4,138.9,162.4,177,,185.3,125.2,149.9,,189.7,,104.2,104.8,93.9,100.2,117,118,98.7,113,,,,
2006-11,159.5,106.6,129.4,138.3,162.4,175.1,,184.9,124.9,146.3,,189.2,,104.2,104.8,91.2,99.9,117.1,118,99.9,113,,,,
2006-12,159.5,103.8,127.5,136.7,162.4,175.4,,184.5,123.1,146.3,,189.2,,104.2,104.8,91.2,99.7,117.3,118,99.1,113,,,,
2007-01,160.3,103.5,125.6,137.2,162.4,175.3,,180,124.7,148.1,,190.3,,104.2,104.8,92.7,100,117.4,118,99.4,113,,,,
2007-02,159.3,108,118.3,137,162.4,175.7,,180.2,125.8,149.8,,190.3,,105.5,104.8,92.7,99.9,115.2,118,100.4,113,,,,
2007-03,159.8,105.1,120.5,137,162.4,175.7,,182.4,125.8,149.8,,190.3,,105.5,106.7,97.7,100.3,115.2,118,100.3,113,,,,
2007-04,159.8,104.7,127.2,137.7,162.4,174.9,,180.9,125.1,149.8,,189.2,,105.5,106.7,97.7,100.4,115,118,100.1,113,,,,
2007-05,158.5,105.1,123.7,137.1,162.4,174.3,,185.9,123.3,149.8,,190.3,,105.5,106.7,97.7,100.3,114,118,101.8,113,,,,
2007-06,158.4,104.4,125.6,137,162.4,172.6,,183.4,123.2,149.8,,189.7,,105.5,110.4,97.7,101.9,108.4,118,102,113,,,,
2007-07,158.9,105.4,139,136.8,162.4,174.3,,187.1,120.8,150.7,,188.1,,105.5,110.4,96.8,102,108.8,118,101.6,113,,,,
2007-08,160.6,101.9,139.7,137.8,162.4,172.7,,188.7,122.2,150.7,,193.7,,105.5,112.3,96.8,102.7,107.4,118,101.1,113,,,,
2007-09,160.3,98.8,132.9,139.8,162.4,172,,188.7,122.2,150.7,,193.9,,105.5,112.3,96.8,99.6,107.4,118,100.9,113,,,,
2007-10,160.3,93.8,125.1,138.1,162.4,171.5,,188.7,119.8,150.7,,193.9,,105.7,113.4,96.8,101.5,108.3,120.1,100.7,113,,,,
2007-11,160.9,94.6,130.1,139.1,162.4,163.8,,188.7,119.8,151.7,,186.4,,105.7,113.4,96.6,101.5,108.1,120.1,98.5,116.6,,,,
2007-12,161.5,94.1,119.4,140.1,162.4,164.9,,188.7,119.8,151.7,,186.4,,105.7,121.6,96.6,101.3,107.2,120.1,98.5,116.6,,,,
2008-01,161.6,91.5,113.8,138.3,163.1,164.9,,188.7,119.7,151.7,,186.4,,105.7,121.6,96.6,101.3,107.1,164.6,98.4,120,,,,
2008-02,162.7,90.5,109,136.6,163.1,164.3,,187.7,119.7,155,,186.4,,106,121.6,96.6,101.6,107.1,164.6,100.1,120,,,,
2008-03,162.2,95.2,118,135.4,163.1,165.2,,189.2,119.8,155,,191.7,,106.7,121.6,96.6,101.6,109.1,164.6,100.1,120,,,,
2008-04,163.1,95.9,116.7,134.5,164,163.1,,189.2,121.7,155,,192.6,,100.5,121.6,96.6,101.7,109.1,164.6,100.3,120,,,,
2008-05,162.3,101,142.6,134,164,162.4,,190.7,121.7,155,,192.6,,100.5,121.6,97.6,102.8,109.1,164.6,102.2,117.1,,,,
2008-06,162.8,99.4,160,135.1,164,164.3,,190.7,121.7,155,,197.1,,100.5,121.6,98.3,103.5,109.1,164.6,102.2,120.7,,,,
2008-07,162.7,94.3,148.9,135.9,164,163.5,,191.4,121.7,155,,202,,100.5,121.6,98.3,101.1,109.1,164.6,102.4,120.7,,,,
2008-08,162.5,92.7,151.8,136.1,164,162.6,,192.6,121.7,155,,208.7,,100.5,121.6,98.3,101,109.1,164.6,102.4,120.7,,,,
2008-09,163.5,95.8,150.1,134.9,164.2,,,192.5,121.7,155,,208.4,,100.5,117.5,98.3,101,109.1,164.6,102.4,120.7,,,,
2008-10,163.5,91.9,130.3,134.2,164.7,,,195.3,116.7,157,,207.8,,100.5,119.4,98.3,102,112.5,164.6,102.4,,,,,
2008-11,163.8,88.7,137.4,134.3,164.7,,,186.1,116.7,157,,195.2,,100.5,121,99.5,102,112.5,164.6,98.9,,,,,
2008-12,163.8,87.1,132.8,133.9,164.7,,,178.7,116.7,154.1,,194.9,,100.8,121,99.5,101.6,110.8,164.6,98.5,,,,,
2009-01,163.7,86.5,133,131.9,164.7,158.8,,198.6,116.7,154.1,,194.4,,100.8,118.7,99.5,99.3,109.3,164.6,98.3,,,,,
2009-02,163.7,87.2,137.3,130.9,164.7,158.8,,182.4,116.7,153.1,,194.4,,101.3,117,99.5,99.8,107,162.3,98.2,,,,,
2009-03,163.6,87,124.3,130.6,164.7,159.7,,182.4,116.7,153.1,,194.4,,101.3,117,99.5,99.9,105.7,162.3,97.8,,,,,
2009-04,163.6,89.1,121.1,130.2,164.7,159.7,,182.4,117.1,153.1,,194.4,,101.3,117,99.5,99,105.7,162.3,97.8,,,,,
2009-05,162.3,85.7,118.5,131.3,164.7,159.7,,182.4,115.5,153.1,,194.4,,101.3,117,97.4,98.8,105.7,162.3,97.6,,,,,
2009-06,162.3,86.7,117.1,129.8,164.7,160.3,,182.4,115.3,,,194.4,,101.3,117,97.4,99.8,105.7,160.1,95.8,,,,,
2009-07,160.2,90.2,124,130.5,164.7,160.3,,182.4,115.2,,,194.4,,101.3,117,97.4,99.7,105.7,160.1,95.8,,,,,
2009-08,160.2,90.2,127.9,131.9,164.7,160,,162.7,115.2,,,194.4,,101.3,117,97.4,99.3,,,95.1,,,,,
2009-09,160.2,87.9,129.8,131.5,164.7,159.4,,162.7,115.2,,,194.4,,101.3,117,,97.6,,,95.1,,,,,
2009-10,160.2,86.7,120.9,132.2,164.7,159.4,,166,115.2,,,194.4,,101.3,117,,98.7,,,95.1,,,,,
2009-11,160.2,88.9,119,132.6,164.7,159.4,,166.7,115.2,,,194.4,,101.3,117,97.4,98.6,,,94.7,,,,,
2009-12,160.2,92.9,129,134.6,164.7,159.2,,159.6,115.2,,,194.4,,101.3,109.3,97.4,98.8,,,94.7,,,,,
2010-01,160.2,93.1,132.5,134.6,164.7,159.2,,162.6,115.2,,,194.4,,101.3,109.3,97.4,99.2,,,94.7,,,,,
2010-02,160.2,96.3,140.2,135.1,,162,,162.6,,,,194.4,,101.4,113.1,97.4,99.4,,,98.1,,,,,
2010-03,160.2,96.6,154.4,137.8,,162.5,,162.6,,,,194.4,,101.4,113.1,97.4,99.2,,,102.2,,,,,
2010-04,161.5,102.8,185.9,144.2,,165.3,,162.6,,,,196.1,,101.4,113.1,97.4,99.3,,,101,,,,,
2010-05,161.9,106.8,242.1,150.2,,167,,165.3,,,,199.6,,101.4,113.1,97.2,99.2,,,103.1,,,,,
2010-06,161.9,102.8,165.3,150.8,,167.5,,152.7,,,,203.2,,101.4,113.1,97.2,99.1,,,100.4,,,,,
2010-07,164.8,96.3,165.1,155.2,,165.6,,149,,,,203.2,,101.4,113.1,97.2,99.5,,,99.3,,,,,
2010-08,164.8,83.8,129.7,158.3,,,,149,,,,203.2,,101.4,113.1,97.2,98.9,,,99.2,,,,,
2010-09,164.8,86.1,126.1,156.4,,,,149,,,,203.2,,101.4,113.1,97.2,99.4,,,98.7,,,,,
2010-10,164.8,82,124.3,156.6,,,,149,,,,203.2,,101.4,113.1,97.2,99.2,,,101.5,,,,,
2010-11,164.8,83.8,123.1,153.3,,,,149,,,,203.2,,101.4,113.1,97.2,99.2,,,100,,,,,
2010-12,164.8,98.9,129.1,150.5,,,,149.8,,,,205.1,,101.4,113.1,97.2,98.9,,,92.9,,,,,
2011-01,164.8,99.8,131.4,148.5,,,,153.9,,,,206,,101.4,113.1,97.2,99.2,,,94.4,,,,,
2011-02,164.8,101.4,139.9,148.5,,,,148.1,,,,206.9,,101.4,113.1,97.2,100.4,,,93.9,,,,,
2011-03,164.8,100.7,139.4,147.4,,,,148.1,,,,209.1,,102.5,113.1,97.2,100.7,,,94.7,,,,,
2011-04,164.8,101.4,139.2,144.7,,,,148.7,,,,208.8,,102.5,113.1,97.2,100.6,,,94.1,,,,,
2011-05,164.8,96.1,132.6,147.1,,,,148.7,,,,209.3,,102.5,107.4,97.2,100.5,,,93.4,,,,,
2011-06,164.8,101.4,128,148.3,,,,148.7,,,,209.2,,102.5,107.4,97.2,100.4,,,92.8,,,,,
2011-07,164.8,105.7,125.4,147,,,,148.7,,,,209.2,,103.9,,97.2,102.3,,,92.8,,,,,
2011-08,164.8,99.6,129,146.8,,,,148.7,,,,208.2,,103.9,,97.2,102.8,,,92.9,,,,,
2011-09,164.7,94.5,133.2,147.2,,,,148.7,,,,208.6,,103.9,,97.2,102.6,,,92,,,,,
2011-10,164.7,92.7,133.3,147.2,,,,148.7,,,,208.7,,115.2,,97,102.5,,,92,,,,,
2011-11,164.7,83.9,134,145.6,,,,148.7,,,,208.8,,115.2,,101.4,102,,,92.1,,,,,
2011-12,164.7,85.6,132.5,145.6,,,,150.9,,,,208.2,,115.2,,101.4,102.5,,,92.1,,100,,,
2012-01,164.7,,136.8,142,,,,154.5,,,,208.2,,117.3,,,102.9,,,92.6,,,,,
2012-02,168.5,,144.8,142,,,,154.5,,,,208.6,,119.1,,,103.4,,,92.7,,,,,
2012-03,168.1,,153.3,143,,,,155.2,,,,214,,119.1,,,104.2,,,92.9,,,,,
2012-04,169.2,,152.7,142.8,,,,158.4,,,,215.4,,115.8,,,104.5,,,93.7,,,,,
2012-05,169.3,,157.6,141.7,,,,158.4,,,,,,115.8,,,104.3,,,94,,,,,
2012-06,169.3,,163.9,141.7,,,,158.4,,,,,,115.8,,,104.3,,,93.4,,,,,
2012-07,169.4,,164.5,143.1,,,,158.4,,,,,,115.8,,,104.2,99.4,,93.5,,,,,
2012-08,169.4,,191.5,147.8,,,,158.4,,,,,,115.8,,,104.3,99.4,,94,,,,,
2012-09,169.4,,227.4,146.1,,,,158.4,,,,,,115.8,,,104.1,99.4,,95.4,,,,,
2012-10,169.4,,195.7,148,,,,158.4,,,,,,107.3,,,104.1,99.4,,94.9,,,,,
2012-11,169.4,,209.6,148.4,,,,158.4,,,,,,107.3,,,104.1,99.4,,94.9,,,,,
2012-12,169.4,,222.4,148.4,,,,158.4,,,,,,107.3,,,104.2,99.7,,95.5,,,,,
2013-01,,,243.4,154,158,,,158.4,,,,,,107.3,,,,99.7,,97.7,,,,,
2013-02,,,265.1,154,162.8,,,158.4,,,,,,108.2,,,,100.1,,98.7,,,,,
2013-03,,,275.1,159.7,163.3,,,161,,,,,,108.2,,,,100.7,,99.2,,,,,
2013-04,,,273,159.7,162.5,,,161,,,,,,108.2,,,,100.7,,99.9,,,,,
2013-05,,,234,166.9,163.2,,,161,,,,,,108.2,,,,101,,99.4,,,,,
2013-06,,,212.4,166.9,163,,,163.2,,,,,,108.2,,,,101,,100.6,,,100,100,100
2013-07,,,178.1,167.6,164.1,,,163.2,,,,,,,,99.7,,103.8,,100.1,,,100.1,100,100.1
2013-08,,,179.7,170.9,166.9,,,163.2,,,,,,,,99.8,,103.8,,100.9,,,100.2,100,100.2
2013-09,,,169.4,172,167.4,,,163.2,,,,,,,,99.8,,107.6,,101.1,,,100.1,100,100.1
2013-10,,,171.7,176.1,167.1,,,163.2,,,,,,,,,,108.2,,101.3,91.3,,100.1,100,100.1
2013-11,,,168.1,176.2,167.3,,,163.2,,,,,,,,,,108.9,,102.2,90,,100,100,100
2013-12,,,164.4,176.6,163.3,,,163.2,,,,,,,88.7,,,109.3,,101.9,89.7,,99.9,100,100
2014-01,,,167.3,177.1,163.2,,,163.2,,,,,,,88.7,,,109.3,,101.5,89.5,,103.1,102.8,100.6
2014-02,,,165.8,179.2,167.8,,,165.4,,,,,,,88.7,,,109.2,,101.5,93.2,,103.6,102.7,103.3
2014-03,,,168.8,179.5,168.9,,,165.4,,,,,,,88.7,,,109.8,,101.9,93.2,,103.6,102.7,103.3
2014-04,,,163.1,180.1,169.6,,,165.5,,,,,,,88.7,,,110.5,,101.2,88.8,,103.7,102.7,102.5
2014-05,,,169,179.9,168.2,,,165.5,,,,,,,88.7,,,111.2,,101.8,86.2,,103.7,102.7,102.5
2014-06,,,159.9,180.2,168.2,,,165.5,,,,,,,88.7,,,111.2,,101.2,85.4,,104.1,102.7,102.9
2014-07,,190.2,157.7,180.5,169.7,,,165.5,,,,,,,93.1,,,110.8,,101.3,85.4,,103.9,102.7,102.7
2014-08,,191,154,180.9,175.6,,,165.5,,,,,,,93.1,,,110.5,,101.1,85.4,,104,102.7,102.8
2014-09,,202,154.1,180.8,175,,,165.5,,,,,,,93.1,,,110.2,,101.4,85.6,,104,102.7,102.8
2014-10,,201.6,151.1,181,175.6,,,165.5,,,,,,,93.1,,,111.1,,101.5,85.6,,104,102.7,102.8
2014-11,,196.6,151.9,180.4,173.9,,,165.5,,,,,,,93.1,,,110.7,,104,85.6,,104,102.7,102.8
2014-12,,200.4,149,180.1,174.4,,,165.5,,,,,,,93.1,,,111.5,,104,84.3,,104,102.7,102.8
2015-01,,204.7,151.5,180,175.6,,,162.6,,,,,,,93.1,,,111.5,,104,84.3,,104,102.7,104
2015-02,,204.9,148.2,179.1,175.6,,,162.6,,,,,,,93.1,,,111.5,,104.8,,,105.1,103.6,105.5
2015-03,,205,146.3,178.1,175.7,,,167.5,,,,,,,93.1,,,111.5,,106.2,,,105.1,103.6,105.5
2015-04,,202.3,141.7,178.2,173.4,,,167.5,,,,,,,93.1,,,110.9,,106.3,,,108.3,106.6,106
2015-05,,202.6,138.9,177.7,175.7,,,167.5,,,,,,,93.1,,,110.9,,106.2,,,108.1,106.6,106
2015-06,,203,143.4,174.9,175.5,,,167.5,,,,,,,93.1,,,110.9,,106.1,,,108.1,106.6,106
2015-07,,204.5,142.6,174.9,175.9,,,167.8,,,,,,,93.1,,,110.9,,106.1,,,108.1,106.6,106
2015-08,,201,139.4,174.3,172.9,,,167.8,,,,,,,93.1,,,110.9,,106.1,,,108,106.6,106
2015-09,,200.2,145.4,173.5,175.5,,,167.8,,,,,,,93.1,,,110.9,,105.9,,,108,106.6,105.9
2015-10,,199,154.9,172.7,173,,,167.8,,,,,,,93.1,,,110.9,,105.6,,,108,106.6,105.9
2015-11,,195,173.2,170,173,,,167.8,,,,,,,93.1,,,110.9,,105.5,,,108.1,106.6,106
2015-12,,196.4,168.8,169.7,173.9,,,167.8,,,,,,,93.1,,,110.9,,105.3,,,109.5,106.6,107.5
2016-01,,194.1,166,168.5,173.4,,,167.8,,,,,,,93.1,,,111.2,,105.2,,,109.5,106.6,107.5
2016-02,,194.2,154.5,168.4,174,,,167.8,,,,,,,93.1,,,111.2,,105,,,110.4,106.6,108.2
2016-03,,193.5,165.6,168.2,173.8,,,167.8,,,,,,,93.1,,,111.2,,104.8,,,109.9,107.5,109.4
2016-04,,193.3,172,169.1,170.3,,,167.8,,,,,,,93.1,,,111.2,,104.9,,,110.4,107.5,109.6
2016-05,,,182.2,168.1,172.5,,,167.8,,,,,,,93.1,,,111.2,,105,,,110.4,107.5,109.6
2016-06,,181.1,183.8,168.4,172.2,,,167.8,,,,,,,93.1,,,110.9,,105,,,110.4,107.5,109.6
2016-07,,178.2,181.1,168.6,172.4,,,167.8,,,,,,,93.1,,,110.5,,104.8,,,110.4,107.5,109.6
2016-08,,178.3,194.2,168.5,173.6,,,167.8,,,,,,,93.1,,,110.2,,104.6,,,110.4,107.5,109.6
2016-09,,178,191.8,168.9,173.2,,,167.8,,,,,,,93.1,106.4,,109.9,,104.4,,,110.4,107.5,109.6
2016-10,,175.7,194.6,169.4,173.5,,,167.8,,,,,,,93.1,106.4,,109.6,,104.6,,,110.4,107.5,109.6
2016-11,,174.9,192.1,169.8,171.5,,,167.8,,,,,,,93.1,106.4,,109.6,,104.9,,,110.4,107.5,109.6
2016-12,,176.4,193.6,169.8,173.1,,,167.8,,,,,,,93.1,106.4,,108.9,,104.9,,,110.4,107.5,109.6
2017-01,,177.2,201.5,159.9,174.1,,,167.8,,,,,,,93.1,106.4,,108.9,,105,,,110.4,107.5,109.6
2017-02,,182,203.1,160.1,172.5,,,167.9,,,,265.4,,,95.8,,,108.3,,105,,,110.6,107.9,110.4
2017-03,,181.9,214.3,160.1,176.2,,,167.9,,,,276,,,95.8,,,108.3,,105.1,,,110.6,107.9,110.4
2017-04,,182.2,219.9,158.7,175.3,,,167.9,,,,275.8,,,95.8,,,107.6,,105.3,,,113,110,111.4
2017-05,,185.5,227.2,158.7,177.8,,,167.9,,,,275.8,,,95.8,,,107.9,,,,,113,110,111.4
2017-06,,189.9,212.4,158.7,178.5,,,169.9,,,,279.2,,,95.8,,,108.3,,,,,113,110,111.4
2017-07,,188.4,214.6,158.8,177.3,,,169.9,,,,279.2,,,117.9,,,108.6,,,,,113.6,110,112
2017-08,,190.3,229.5,158.8,177.8,,,169.9,,,,279.3,,,117.9,,,108.9,,,,,113.6,110,112
2017-09,,190.3,229.5,158.8,177.5,,,169.9,,,,279.4,,,117.9,,,108.9,,,,,113.6,110,112
2017-10,,192.5,261.9,158.3,178.3,,,169.9,,,,279.4,,,117.9,,,108.9,,,,,113.6,110,112
2017-11,,201.7,243.7,157.9,177.9,,,169.9,,,,279.4,,,117.9,,,108.9,,,,,113.6,110,112
2017-12,,202.3,203.2,161.6,178.1,,,169.4,,,,279.4,,,117.9,,,108.9,,,,,114.7,110,113.1
2018-01,,207.4,204.8,161.2,178.4,,,171.1,,,,284.9,,,117.9,,,109.2,,,,,114.7,110,113.1
2018-02,,222.4,222.9,160.8,178.6,,,171.2,,,,284.9,,,123.4,,,109.6,,,,,115.2,110,113.5
2018-03,,225.7,244.3,160.6,177.9,,,171.2,,,,286.3,,,132.2,,,109.6,,,,,117.2,113.8,115.7
2018-04,,227.9,255,161.1,178.7,,,171.2,,,,287.9,,,132.2,,,109.9,,,,,117.2,113.8,115.7
2018-05,,229.6,260.9,164.4,178.3,,,171.2,,,,290.4,,,132.2,,,110.9,,,,,118.1,113.8,116.6
2018-06,,230.8,281.1,167.9,181.5,,,171.2,,,,290.8,,,132.2,,,111.6,,,,,118.1,113.8,116.6
2018-07,,229.5,259.7,168.3,186.3,,,171.2,,,,290.8,,,132.2,,,111.6,,,,,118.1,113.8,116.6
2018-08,,225.3,207.4,166.1,186.8,,,171.2,,,,292.6,,,132.2,,,113.3,,,,,118.2,113.8,116.6
2018-09,,225.3,212.6,164.8,180.3,,,171.2,,,,292.7,,,132.2,,,113.6,,,,,118.2,113.8,116.6
2018-10,,224.4,194.4,168.6,179,,,171.2,,,,292.7,,,132.2,,,113,,,,,118.2,113.8,116.6
2018-11,,214.1,177.7,165.9,182.9,,,171.2,,,,292.6,,,132.2,,,113,,,,,118.2,113.8,116.6
2018-12,,213.3,169.1,166.4,181.7,,,170.6,,,,292.9,,,132.2,,,112.8,,,,,118.2,113.8,116.6
2019-01,,213.9,166.2,167.9,182,,,171.4,,,,298.9,,,132.2,,,112.7,,,,,119.9,113.8,116.6
2019-02,,213.7,,170.7,186.8,,,171.5,,,,300.2,,,132.2,,,113.3,,,,120.7,120.4,113.8,117.1
2019-03,,210.5,,169.6,186.5,,,171.5,,,,,,,132.2,,,113.4,,,,120.7,120.9,115.2,120.8
2019-04,,206.1,,171.1,187.5,,,172.6,,,,,,,132.2,,,114,,,,122.4,131,115.2,120.8
2019-05,,208.2,,168.7,186.6,,,172.6,,,,,,,132.2,,,114.4,,,,122.4,131,115.2,120.8
2019-06,,211.9,,177.8,186.4,,,172.6,,,,,,,132.2,,,114.1,,,,122.4,131,115.2,120.8
2019-07,,208.2,,177.5,186.6,,,172.6,,,,,,,132.2,,,114.1,,,,122.4,131,115.2,120.8
2019-08,,200.1,,175,185.9,,,172.6,,,,,,,132.2,,,114,,,,122.4,131,115.2,120.8
2019-09,,202.4,,177.8,185.8,,,172.6,,,,,,,132.2,,,113.7,,,,122.4,131,115.2,120.8
