Date,USD_NTD
3-Jan-00,31.38
4-Jan-00,30.6
5-Jan-00,30.8
6-Jan-00,31.75
7-Jan-00,30.85
10-Jan-00,30.83
11-Jan-00,30.83
12-Jan-00,30.8
13-Jan-00,30.8
14-Jan-00,30.83
17-Jan-00,0.0
18-Jan-00,30.89
19-Jan-00,30.85
20-Jan-00,30.85
21-Jan-00,30.85
24-Jan-00,30.85
25-Jan-00,30.85
26-Jan-00,30.85
27-Jan-00,30.83
28-Jan-00,30.75
31-Jan-00,30.75
1-Feb-00,31.75
2-Feb-00,30.8
3-Feb-00,30.8
4-Feb-00,30.8
7-Feb-00,30.8
8-Feb-00,30.75
9-Feb-00,30.65
10-Feb-00,30.65
11-Feb-00,30.63
14-Feb-00,30.72
15-Feb-00,30.75
16-Feb-00,30.72
17-Feb-00,30.72
18-Feb-00,30.765
21-Feb-00,0.0
22-Feb-00,30.8
23-Feb-00,30.8
24-Feb-00,30.85
25-Feb-00,30.8
28-Feb-00,30.8
29-Feb-00,30.76
1-Mar-00,30.75
2-Mar-00,30.75
3-Mar-00,30.75
6-Mar-00,30.8
7-Mar-00,30.75
8-Mar-00,30.76
9-Mar-00,30.75
10-Mar-00,30.75
13-Mar-00,30.75
14-Mar-00,30.74
15-Mar-00,30.75
16-Mar-00,30.815
17-Mar-00,30.74
20-Mar-00,30.75
21-Mar-00,30.78
22-Mar-00,30.75
23-Mar-00,30.75
24-Mar-00,30.7
27-Mar-00,30.65
28-Mar-00,30.64
29-Mar-00,30.6
30-Mar-00,30.6
31-Mar-00,30.48
3-Apr-00,30.5
4-Apr-00,30.45
5-Apr-00,30.5
6-Apr-00,30.48
7-Apr-00,30.5
10-Apr-00,30.35
11-Apr-00,30.35
12-Apr-00,30.35
13-Apr-00,30.35
14-Apr-00,30.45
17-Apr-00,30.55
18-Apr-00,30.6
19-Apr-00,30.62
20-Apr-00,30.55
21-Apr-00,30.585
24-Apr-00,30.6
25-Apr-00,30.65
26-Apr-00,30.65
27-Apr-00,30.65
28-Apr-00,30.67
1-May-00,30.65
2-May-00,30.68
3-May-00,30.75
4-May-00,30.72
5-May-00,30.68
8-May-00,30.7
9-May-00,30.65
10-May-00,30.73
11-May-00,30.76
12-May-00,30.75
15-May-00,30.83
16-May-00,30.84
17-May-00,30.75
18-May-00,30.82
19-May-00,30.79
22-May-00,30.75
23-May-00,30.8
24-May-00,30.82
25-May-00,30.85
26-May-00,30.85
29-May-00,0.0
30-May-00,30.96
31-May-00,30.85
1-Jun-00,30.9
2-Jun-00,30.85
5-Jun-00,30.83
6-Jun-00,30.83
7-Jun-00,30.8
8-Jun-00,30.8
9-Jun-00,30.8
12-Jun-00,30.8
13-Jun-00,30.8
14-Jun-00,30.8
15-Jun-00,30.85
16-Jun-00,30.9
19-Jun-00,30.9
20-Jun-00,30.9
21-Jun-00,30.83
22-Jun-00,30.8
23-Jun-00,30.8
26-Jun-00,30.81
27-Jun-00,30.82
28-Jun-00,30.82
29-Jun-00,30.83
30-Jun-00,30.8
3-Jul-00,30.83
4-Jul-00,0.0
5-Jul-00,30.85
6-Jul-00,30.88
7-Jul-00,30.88
10-Jul-00,30.9
11-Jul-00,30.9
12-Jul-00,30.9
13-Jul-00,30.9
14-Jul-00,30.9
17-Jul-00,30.96
18-Jul-00,31.0
19-Jul-00,31.08
20-Jul-00,31.13
21-Jul-00,31.08
24-Jul-00,31.095
25-Jul-00,31.1
26-Jul-00,31.08
27-Jul-00,31.08
28-Jul-00,31.07
31-Jul-00,31.06
1-Aug-00,31.15
2-Aug-00,31.1
3-Aug-00,31.15
4-Aug-00,31.12
7-Aug-00,31.15
8-Aug-00,31.1
9-Aug-00,31.1
10-Aug-00,31.1
11-Aug-00,31.11
14-Aug-00,31.1
15-Aug-00,31.13
16-Aug-00,31.13
17-Aug-00,31.1
18-Aug-00,31.11
21-Aug-00,31.1
22-Aug-00,31.08
23-Aug-00,31.08
24-Aug-00,31.07
25-Aug-00,31.1
28-Aug-00,31.08
29-Aug-00,31.09
30-Aug-00,31.09
31-Aug-00,31.1
1-Sep-00,31.1
4-Sep-00,0.0
5-Sep-00,31.08
6-Sep-00,31.1
7-Sep-00,31.1
8-Sep-00,31.1
11-Sep-00,31.12
12-Sep-00,31.11
13-Sep-00,31.12
14-Sep-00,31.13
15-Sep-00,31.17
18-Sep-00,31.29
19-Sep-00,31.28
20-Sep-00,31.29
21-Sep-00,31.28
22-Sep-00,31.21
25-Sep-00,31.29
26-Sep-00,31.28
27-Sep-00,31.29
28-Sep-00,31.29
29-Sep-00,31.324
2-Oct-00,31.29
3-Oct-00,31.32
4-Oct-00,31.3
5-Oct-00,31.3
6-Oct-00,31.31
9-Oct-00,0.0
10-Oct-00,31.31
11-Oct-00,31.33
12-Oct-00,31.3
13-Oct-00,31.6
16-Oct-00,32.05
17-Oct-00,32.3
18-Oct-00,32.5
19-Oct-00,32.35
20-Oct-00,32.15
23-Oct-00,32.1
24-Oct-00,32.05
25-Oct-00,32.05
26-Oct-00,32.19
27-Oct-00,32.26
30-Oct-00,32.35
31-Oct-00,32.35
1-Nov-00,32.36
2-Nov-00,32.25
3-Nov-00,32.15
6-Nov-00,32.15
7-Nov-00,32.15
8-Nov-00,32.13
9-Nov-00,32.1
10-Nov-00,32.07
13-Nov-00,32.17
14-Nov-00,32.18
15-Nov-00,32.15
16-Nov-00,32.24
17-Nov-00,32.31
20-Nov-00,32.48
21-Nov-00,32.5
22-Nov-00,32.9
23-Nov-00,0.0
24-Nov-00,32.9
27-Nov-00,32.9
28-Nov-00,32.85
29-Nov-00,33.08
30-Nov-00,33.08
1-Dec-00,33.05
4-Dec-00,33.05
5-Dec-00,33.05
6-Dec-00,33.05
7-Dec-00,33.08
8-Dec-00,33.06
11-Dec-00,33.1
12-Dec-00,33.06
13-Dec-00,33.16
14-Dec-00,33.1
15-Dec-00,33.1
18-Dec-00,33.1
19-Dec-00,33.1
20-Dec-00,33.18
21-Dec-00,33.2
22-Dec-00,33.2
25-Dec-00,0.0
26-Dec-00,33.2
27-Dec-00,33.25
28-Dec-00,33.2
29-Dec-00,33.17
1-Jan-01,0.0
2-Jan-01,33.0
3-Jan-01,33.078
4-Jan-01,33.0
5-Jan-01,32.927
8-Jan-01,32.85
9-Jan-01,32.63
10-Jan-01,32.65
11-Jan-01,32.67
12-Jan-01,32.67
15-Jan-01,0.0
16-Jan-01,32.645
17-Jan-01,32.67
18-Jan-01,32.67
19-Jan-01,32.61
22-Jan-01,32.59
23-Jan-01,32.6
24-Jan-01,32.6
25-Jan-01,32.575
26-Jan-01,32.575
29-Jan-01,32.545
30-Jan-01,32.23
31-Jan-01,32.35
1-Feb-01,32.39
2-Feb-01,32.3
5-Feb-01,32.33
6-Feb-01,32.27
7-Feb-01,32.27
8-Feb-01,32.27
9-Feb-01,32.27
12-Feb-01,32.29
13-Feb-01,32.35
14-Feb-01,32.32
15-Feb-01,32.31
16-Feb-01,32.32
19-Feb-01,0.0
20-Feb-01,32.3
21-Feb-01,32.3
22-Feb-01,32.38
23-Feb-01,32.4
26-Feb-01,32.4
27-Feb-01,32.4
28-Feb-01,32.4
1-Mar-01,32.38
2-Mar-01,32.4
5-Mar-01,32.4
6-Mar-01,32.4
7-Mar-01,32.42
8-Mar-01,32.42
9-Mar-01,32.45
12-Mar-01,32.48
13-Mar-01,32.57
14-Mar-01,32.53
15-Mar-01,32.61
16-Mar-01,32.73
19-Mar-01,32.8
20-Mar-01,32.785
21-Mar-01,32.82
22-Mar-01,32.92
23-Mar-01,32.85
26-Mar-01,32.72
27-Mar-01,32.67
28-Mar-01,32.67
29-Mar-01,32.8
30-Mar-01,32.85
2-Apr-01,32.97
3-Apr-01,32.89
4-Apr-01,33.0
5-Apr-01,32.9
6-Apr-01,32.9
9-Apr-01,33.0
10-Apr-01,32.99
11-Apr-01,32.97
12-Apr-01,32.92
13-Apr-01,32.97
16-Apr-01,32.95
17-Apr-01,32.97
18-Apr-01,32.97
19-Apr-01,32.85
20-Apr-01,32.91
23-Apr-01,32.94
24-Apr-01,32.92
25-Apr-01,32.93
26-Apr-01,32.89
27-Apr-01,32.97
30-Apr-01,32.94
1-May-01,32.95
2-May-01,32.9
3-May-01,32.89
4-May-01,32.91
7-May-01,32.9
8-May-01,32.91
9-May-01,32.91
10-May-01,32.92
11-May-01,32.92
14-May-01,32.89
15-May-01,32.95
16-May-01,33.0
17-May-01,33.0
18-May-01,32.98
21-May-01,33.45
22-May-01,33.47
23-May-01,33.45
24-May-01,33.5
25-May-01,33.55
28-May-01,0.0
29-May-01,34.05
30-May-01,34.02
31-May-01,33.95
1-Jun-01,34.1
4-Jun-01,34.1
5-Jun-01,34.08
6-Jun-01,34.1
7-Jun-01,34.1
8-Jun-01,34.1
11-Jun-01,34.1
12-Jun-01,34.1
13-Jun-01,34.43
14-Jun-01,34.418
15-Jun-01,34.48
18-Jun-01,34.48
19-Jun-01,34.48
20-Jun-01,34.48
21-Jun-01,34.45
22-Jun-01,34.5
25-Jun-01,34.45
26-Jun-01,34.44
27-Jun-01,34.5
28-Jun-01,34.52
29-Jun-01,34.48
2-Jul-01,34.47
3-Jul-01,34.45
4-Jul-01,0.0
5-Jul-01,34.51
6-Jul-01,34.52
9-Jul-01,34.6
10-Jul-01,34.7
11-Jul-01,35.03
12-Jul-01,35.0
13-Jul-01,35.02
16-Jul-01,35.0
17-Jul-01,35.05
18-Jul-01,35.0
19-Jul-01,35.02
20-Jul-01,35.0
23-Jul-01,34.95
24-Jul-01,34.95
25-Jul-01,34.87
26-Jul-01,34.77
27-Jul-01,34.77
30-Jul-01,34.77
31-Jul-01,34.8
1-Aug-01,34.77
2-Aug-01,34.56
3-Aug-01,34.65
6-Aug-01,34.67
7-Aug-01,34.7
8-Aug-01,34.65
9-Aug-01,34.7
10-Aug-01,34.67
13-Aug-01,34.65
14-Aug-01,34.6
15-Aug-01,34.6
16-Aug-01,34.6
17-Aug-01,34.6
20-Aug-01,34.65
21-Aug-01,34.62
22-Aug-01,34.65
23-Aug-01,34.67
24-Aug-01,34.67
27-Aug-01,34.64
28-Aug-01,34.64
29-Aug-01,34.56
30-Aug-01,34.6
31-Aug-01,34.58
3-Sep-01,0.0
4-Sep-01,34.58
5-Sep-01,34.62
6-Sep-01,34.65
7-Sep-01,34.7
10-Sep-01,34.7
11-Sep-01,0.0
12-Sep-01,34.58
13-Sep-01,34.544
14-Sep-01,34.57
17-Sep-01,34.562
18-Sep-01,34.52
19-Sep-01,34.49
20-Sep-01,34.61
21-Sep-01,34.61
24-Sep-01,34.56
25-Sep-01,34.62
26-Sep-01,34.5
27-Sep-01,34.55
28-Sep-01,34.56
1-Oct-01,34.6
2-Oct-01,34.62
3-Oct-01,34.61
4-Oct-01,34.61
5-Oct-01,34.6
8-Oct-01,0.0
9-Oct-01,34.6
10-Oct-01,34.6
11-Oct-01,34.6
12-Oct-01,34.53
15-Oct-01,34.58
16-Oct-01,34.58
17-Oct-01,34.58
18-Oct-01,34.58
19-Oct-01,34.58
22-Oct-01,34.58
23-Oct-01,34.58
24-Oct-01,34.58
25-Oct-01,34.59
26-Oct-01,34.57
29-Oct-01,34.55
30-Oct-01,34.55
31-Oct-01,34.55
1-Nov-01,34.55
2-Nov-01,34.55
5-Nov-01,34.55
6-Nov-01,34.55
7-Nov-01,34.55
8-Nov-01,34.5
9-Nov-01,34.5
12-Nov-01,0.0
13-Nov-01,34.5
14-Nov-01,34.48
15-Nov-01,34.5
16-Nov-01,34.5
19-Nov-01,34.5
20-Nov-01,34.5
21-Nov-01,34.47
22-Nov-01,0.0
23-Nov-01,34.47
26-Nov-01,34.47
27-Nov-01,34.46
28-Nov-01,34.44
29-Nov-01,34.44
30-Nov-01,34.47
3-Dec-01,34.46
4-Dec-01,34.46
5-Dec-01,34.46
6-Dec-01,34.46
7-Dec-01,34.46
10-Dec-01,34.48
11-Dec-01,34.46
12-Dec-01,34.46
13-Dec-01,34.46
14-Dec-01,34.5
17-Dec-01,34.58
18-Dec-01,34.71
19-Dec-01,34.73
20-Dec-01,34.76
21-Dec-01,34.92
24-Dec-01,34.97
25-Dec-01,0.0
26-Dec-01,35.1
27-Dec-01,35.13
28-Dec-01,35.08
31-Dec-01,35.0
1-Jan-02,0.0
2-Jan-02,35.04
3-Jan-02,35.03
4-Jan-02,35.0
7-Jan-02,34.94
8-Jan-02,35.04
9-Jan-02,35.05
10-Jan-02,35.03
11-Jan-02,35.05
14-Jan-02,35.03
15-Jan-02,35.0
16-Jan-02,35.0
17-Jan-02,35.03
18-Jan-02,35.03
21-Jan-02,0.0
22-Jan-02,35.08
23-Jan-02,35.08
24-Jan-02,35.08
25-Jan-02,35.06
28-Jan-02,35.02
29-Jan-02,35.0
30-Jan-02,34.99
31-Jan-02,34.99
1-Feb-02,35.0
4-Feb-02,35.05
5-Feb-02,34.99
6-Feb-02,35.02
7-Feb-02,35.03
8-Feb-02,35.08
11-Feb-02,35.08
12-Feb-02,35.08
13-Feb-02,35.08
14-Feb-02,35.08
15-Feb-02,35.1
18-Feb-02,0.0
19-Feb-02,35.1
20-Feb-02,35.1
21-Feb-02,35.1
22-Feb-02,35.1
25-Feb-02,35.09
26-Feb-02,35.09
27-Feb-02,35.11
28-Feb-02,35.11
1-Mar-02,35.1
4-Mar-02,35.09
5-Mar-02,35.07
6-Mar-02,35.03
7-Mar-02,34.99
8-Mar-02,34.95
11-Mar-02,34.95
12-Mar-02,34.95
13-Mar-02,34.98
14-Mar-02,34.98
15-Mar-02,34.99
18-Mar-02,35.03
19-Mar-02,35.05
20-Mar-02,35.05
21-Mar-02,35.04
22-Mar-02,35.04
25-Mar-02,35.05
26-Mar-02,35.04
27-Mar-02,35.02
28-Mar-02,35.01
29-Mar-02,35.0
1-Apr-02,35.0
2-Apr-02,35.01
3-Apr-02,35.0
4-Apr-02,35.0
5-Apr-02,35.0
8-Apr-02,34.98
9-Apr-02,34.98
10-Apr-02,34.98
11-Apr-02,34.99
12-Apr-02,35.0
15-Apr-02,34.99
16-Apr-02,34.98
17-Apr-02,34.96
18-Apr-02,34.94
19-Apr-02,34.9
22-Apr-02,34.85
23-Apr-02,34.81
24-Apr-02,34.81
25-Apr-02,34.78
26-Apr-02,34.77
29-Apr-02,34.73
30-Apr-02,34.72
1-May-02,34.72
2-May-02,34.65
3-May-02,34.59
6-May-02,34.57
7-May-02,34.57
8-May-02,34.59
9-May-02,34.61
10-May-02,34.57
13-May-02,34.55
14-May-02,34.58
15-May-02,34.57
16-May-02,34.54
17-May-02,34.46
20-May-02,34.41
21-May-02,34.37
22-May-02,34.34
23-May-02,34.33
24-May-02,34.36
27-May-02,0.0
28-May-02,34.28
29-May-02,34.21
30-May-02,34.06
31-May-02,34.05
3-Jun-02,34.04
4-Jun-02,33.99
5-Jun-02,34.0
6-Jun-02,34.07
7-Jun-02,34.06
10-Jun-02,34.06
11-Jun-02,34.02
12-Jun-02,34.02
13-Jun-02,34.02
14-Jun-02,34.01
17-Jun-02,34.0
18-Jun-02,34.02
19-Jun-02,34.0
20-Jun-02,33.92
21-Jun-02,33.76
24-Jun-02,33.67
25-Jun-02,33.64
26-Jun-02,33.52
27-Jun-02,33.5
28-Jun-02,33.46
1-Jul-02,33.47
2-Jul-02,33.49
3-Jul-02,33.5
4-Jul-02,0.0
5-Jul-02,33.48
8-Jul-02,33.41
9-Jul-02,33.28
10-Jul-02,33.18
11-Jul-02,33.18
12-Jul-02,33.18
15-Jul-02,33.11
16-Jul-02,33.0
17-Jul-02,32.85
18-Jul-02,32.89
19-Jul-02,32.87
22-Jul-02,32.88
23-Jul-02,33.14
24-Jul-02,33.25
25-Jul-02,33.26
26-Jul-02,33.54
29-Jul-02,33.76
30-Jul-02,33.66
31-Jul-02,33.61
1-Aug-02,33.52
2-Aug-02,33.57
5-Aug-02,33.68
6-Aug-02,33.88
7-Aug-02,33.75
8-Aug-02,33.85
9-Aug-02,33.77
12-Aug-02,33.72
13-Aug-02,33.7
14-Aug-02,33.59
15-Aug-02,33.68
16-Aug-02,33.74
19-Aug-02,33.84
20-Aug-02,33.9
21-Aug-02,34.0
22-Aug-02,34.02
23-Aug-02,34.12
26-Aug-02,34.24
27-Aug-02,34.24
28-Aug-02,34.22
29-Aug-02,34.18
30-Aug-02,34.24
2-Sep-02,0.0
3-Sep-02,34.33
4-Sep-02,34.24
5-Sep-02,34.12
6-Sep-02,34.12
9-Sep-02,34.24
10-Sep-02,34.3
11-Sep-02,34.38
12-Sep-02,34.41
13-Sep-02,34.41
16-Sep-02,34.75
17-Sep-02,34.78
18-Sep-02,34.69
19-Sep-02,34.61
20-Sep-02,34.77
23-Sep-02,34.78
24-Sep-02,34.81
25-Sep-02,34.9
26-Sep-02,34.98
27-Sep-02,34.92
30-Sep-02,34.92
1-Oct-02,34.91
2-Oct-02,34.97
3-Oct-02,34.99
4-Oct-02,34.99
7-Oct-02,35.06
8-Oct-02,35.12
9-Oct-02,35.11
10-Oct-02,35.11
11-Oct-02,35.16
14-Oct-02,0.0
15-Oct-02,35.15
16-Oct-02,34.96
17-Oct-02,34.85
18-Oct-02,34.91
21-Oct-02,34.9
22-Oct-02,34.92
23-Oct-02,34.86
24-Oct-02,34.8
25-Oct-02,34.8
28-Oct-02,34.89
29-Oct-02,34.82
30-Oct-02,34.8
31-Oct-02,34.75
1-Nov-02,34.75
4-Nov-02,34.65
5-Nov-02,34.58
6-Nov-02,34.64
7-Nov-02,34.55
8-Nov-02,34.46
11-Nov-02,0.0
12-Nov-02,34.52
13-Nov-02,34.57
14-Nov-02,34.69
15-Nov-02,34.66
18-Nov-02,34.71
19-Nov-02,34.73
20-Nov-02,34.82
21-Nov-02,34.75
22-Nov-02,34.71
25-Nov-02,34.75
26-Nov-02,34.72
27-Nov-02,34.77
28-Nov-02,0.0
29-Nov-02,34.76
2-Dec-02,34.79
3-Dec-02,34.84
4-Dec-02,34.83
5-Dec-02,34.89
6-Dec-02,34.85
9-Dec-02,34.76
10-Dec-02,34.8
11-Dec-02,34.8
12-Dec-02,34.79
13-Dec-02,34.79
16-Dec-02,34.75
17-Dec-02,34.74
18-Dec-02,34.8
19-Dec-02,34.84
20-Dec-02,34.8
23-Dec-02,34.77
24-Dec-02,34.8
25-Dec-02,0.0
26-Dec-02,34.82
27-Dec-02,34.83
30-Dec-02,34.79
31-Dec-02,34.7
1-Jan-03,0.0
2-Jan-03,34.74
3-Jan-03,34.76
6-Jan-03,34.6
7-Jan-03,34.55
8-Jan-03,34.59
9-Jan-03,34.51
10-Jan-03,34.54
13-Jan-03,34.51
14-Jan-03,34.48
15-Jan-03,34.44
16-Jan-03,34.4
17-Jan-03,34.42
20-Jan-03,0.0
21-Jan-03,34.63
22-Jan-03,34.59
23-Jan-03,34.61
24-Jan-03,34.55
27-Jan-03,34.51
28-Jan-03,34.7
29-Jan-03,34.61
30-Jan-03,34.65
31-Jan-03,34.61
3-Feb-03,34.61
4-Feb-03,34.74
5-Feb-03,34.74
6-Feb-03,34.68
7-Feb-03,34.71
10-Feb-03,34.78
11-Feb-03,34.71
12-Feb-03,34.71
13-Feb-03,34.71
14-Feb-03,34.819
17-Feb-03,0.0
18-Feb-03,34.71
19-Feb-03,34.71
20-Feb-03,34.78
21-Feb-03,34.75
24-Feb-03,34.76
25-Feb-03,34.72
26-Feb-03,34.78
27-Feb-03,34.75
28-Feb-03,34.78
3-Mar-03,34.78
4-Mar-03,34.66
5-Mar-03,34.62
6-Mar-03,34.67
7-Mar-03,34.6
10-Mar-03,34.58
11-Mar-03,34.62
12-Mar-03,34.72
13-Mar-03,34.74
14-Mar-03,34.71
17-Mar-03,34.704
18-Mar-03,34.71
19-Mar-03,34.8
20-Mar-03,34.76
21-Mar-03,34.79
24-Mar-03,34.78
25-Mar-03,34.78
26-Mar-03,34.78
27-Mar-03,34.8
28-Mar-03,34.8
31-Mar-03,34.75
1-Apr-03,34.8
2-Apr-03,34.8
3-Apr-03,34.81
4-Apr-03,34.825
7-Apr-03,34.84
8-Apr-03,34.82
9-Apr-03,34.81
10-Apr-03,34.8
11-Apr-03,34.8
14-Apr-03,34.81
15-Apr-03,34.81
16-Apr-03,34.8
17-Apr-03,34.79
18-Apr-03,34.79
21-Apr-03,34.81
22-Apr-03,34.81
23-Apr-03,34.81
24-Apr-03,34.86
25-Apr-03,34.81
28-Apr-03,34.98
29-Apr-03,34.89
30-Apr-03,34.85
1-May-03,34.85
2-May-03,34.8
5-May-03,34.8
6-May-03,34.7
7-May-03,34.7
8-May-03,34.65
9-May-03,34.65
12-May-03,34.65
13-May-03,34.7
14-May-03,34.7
15-May-03,34.65
16-May-03,34.65
19-May-03,34.6
20-May-03,34.6
21-May-03,34.66
22-May-03,34.69
23-May-03,34.7
26-May-03,0.0
27-May-03,34.7
28-May-03,34.726
29-May-03,34.75
30-May-03,34.71
2-Jun-03,34.7
3-Jun-03,34.7
4-Jun-03,34.68
5-Jun-03,34.68
6-Jun-03,34.68
9-Jun-03,34.68
10-Jun-03,34.68
11-Jun-03,34.7
12-Jun-03,34.7
13-Jun-03,34.65
16-Jun-03,34.6
17-Jun-03,34.52
18-Jun-03,34.55
19-Jun-03,34.6
20-Jun-03,34.59
23-Jun-03,34.6
24-Jun-03,34.6
25-Jun-03,34.56
26-Jun-03,34.6
27-Jun-03,34.61
30-Jun-03,34.61
1-Jul-03,34.58
2-Jul-03,34.54
3-Jul-03,34.45
4-Jul-03,0.0
7-Jul-03,34.39
8-Jul-03,34.35
9-Jul-03,34.35
10-Jul-03,34.25
11-Jul-03,34.35
14-Jul-03,34.35
15-Jul-03,34.35
16-Jul-03,34.41
17-Jul-03,34.41
18-Jul-03,34.41
21-Jul-03,34.41
22-Jul-03,34.41
23-Jul-03,34.4
24-Jul-03,34.37
25-Jul-03,34.37
28-Jul-03,34.4
29-Jul-03,34.37
30-Jul-03,34.4
31-Jul-03,34.41
1-Aug-03,34.44
4-Aug-03,34.47
5-Aug-03,34.46
6-Aug-03,34.43
7-Aug-03,34.45
8-Aug-03,34.45
11-Aug-03,34.34
12-Aug-03,34.35
13-Aug-03,34.33
14-Aug-03,34.37
15-Aug-03,34.37
18-Aug-03,34.32
19-Aug-03,34.34
20-Aug-03,34.3
21-Aug-03,34.23
22-Aug-03,34.21
25-Aug-03,34.18
26-Aug-03,34.2
27-Aug-03,34.13
28-Aug-03,34.19
29-Aug-03,34.12
1-Sep-03,0.0
2-Sep-03,34.12
3-Sep-03,34.15
4-Sep-03,34.12
5-Sep-03,34.12
8-Sep-03,34.1
9-Sep-03,34.1
10-Sep-03,34.1
11-Sep-03,34.1
12-Sep-03,34.1
15-Sep-03,34.13
16-Sep-03,34.1
17-Sep-03,34.1
18-Sep-03,34.11
19-Sep-03,34.05
22-Sep-03,33.8
23-Sep-03,33.75
24-Sep-03,33.78
25-Sep-03,33.72
26-Sep-03,33.78
29-Sep-03,33.78
30-Sep-03,33.78
1-Oct-03,33.83
2-Oct-03,33.78
3-Oct-03,33.75
6-Oct-03,33.78
7-Oct-03,33.78
8-Oct-03,33.79
9-Oct-03,33.73
10-Oct-03,33.72
13-Oct-03,0.0
14-Oct-03,33.9
15-Oct-03,33.85
16-Oct-03,33.82
17-Oct-03,33.92
20-Oct-03,33.9
21-Oct-03,34.05
22-Oct-03,33.95
23-Oct-03,33.95
24-Oct-03,33.95
27-Oct-03,33.95
28-Oct-03,33.95
29-Oct-03,33.95
30-Oct-03,33.96
31-Oct-03,33.98
3-Nov-03,34.02
4-Nov-03,34.0
5-Nov-03,34.06
6-Nov-03,34.0
7-Nov-03,34.0
10-Nov-03,33.95
11-Nov-03,0.0
12-Nov-03,34.0
13-Nov-03,34.0
14-Nov-03,34.0
17-Nov-03,34.01
18-Nov-03,34.0
19-Nov-03,34.0
20-Nov-03,34.03
21-Nov-03,34.05
24-Nov-03,34.06
25-Nov-03,34.1
26-Nov-03,34.17
27-Nov-03,0.0
28-Nov-03,34.2
1-Dec-03,34.15
2-Dec-03,34.15
3-Dec-03,34.1
4-Dec-03,34.1
5-Dec-03,34.11
8-Dec-03,34.05
9-Dec-03,34.03
10-Dec-03,34.04
11-Dec-03,34.03
12-Dec-03,34.03
15-Dec-03,34.03
16-Dec-03,34.02
17-Dec-03,34.02
18-Dec-03,34.05
19-Dec-03,34.05
22-Dec-03,34.05
23-Dec-03,34.05
24-Dec-03,34.05
25-Dec-03,0.0
26-Dec-03,34.05
29-Dec-03,34.06
30-Dec-03,34.03
31-Dec-03,33.99
1-Jan-04,0.0
2-Jan-04,33.98
5-Jan-04,33.9
6-Jan-04,33.8
7-Jan-04,33.82
8-Jan-04,33.8
9-Jan-04,33.75
12-Jan-04,33.68
13-Jan-04,33.66
14-Jan-04,33.68
15-Jan-04,33.67
16-Jan-04,33.68
19-Jan-04,0.0
20-Jan-04,33.68
21-Jan-04,33.68
22-Jan-04,33.64
23-Jan-04,33.63
26-Jan-04,33.73
27-Jan-04,33.51
28-Jan-04,33.33
29-Jan-04,33.36
30-Jan-04,33.39
2-Feb-04,33.36
3-Feb-04,33.25
4-Feb-04,33.25
5-Feb-04,33.25
6-Feb-04,33.3
9-Feb-04,33.2
10-Feb-04,33.21
11-Feb-04,33.15
12-Feb-04,33.13
13-Feb-04,33.15
16-Feb-04,0.0
17-Feb-04,33.13
18-Feb-04,33.1
19-Feb-04,33.11
20-Feb-04,33.13
23-Feb-04,33.28
24-Feb-04,33.32
25-Feb-04,33.25
26-Feb-04,33.21
27-Feb-04,33.28
1-Mar-04,33.29
2-Mar-04,33.3
3-Mar-04,33.32
4-Mar-04,33.33
5-Mar-04,33.28
8-Mar-04,33.35
9-Mar-04,33.28
10-Mar-04,33.35
11-Mar-04,33.28
12-Mar-04,33.42
15-Mar-04,33.4
16-Mar-04,33.31
17-Mar-04,33.25
18-Mar-04,33.13
19-Mar-04,33.22
22-Mar-04,33.21
23-Mar-04,33.25
24-Mar-04,33.16
25-Mar-04,33.19
26-Mar-04,33.24
29-Mar-04,33.15
30-Mar-04,33.09
31-Mar-04,33.0
1-Apr-04,32.89
2-Apr-04,33.0
5-Apr-04,32.89
6-Apr-04,32.93
7-Apr-04,32.94
8-Apr-04,32.85
9-Apr-04,32.87
12-Apr-04,32.82
13-Apr-04,32.73
14-Apr-04,32.84
15-Apr-04,33.03
16-Apr-04,33.17
19-Apr-04,32.87
20-Apr-04,32.95
21-Apr-04,32.95
22-Apr-04,33.05
23-Apr-04,33.03
26-Apr-04,33.05
27-Apr-04,32.99
28-Apr-04,32.99
29-Apr-04,33.24
30-Apr-04,33.27
3-May-04,33.26
4-May-04,33.18
5-May-04,33.16
6-May-04,33.14
7-May-04,33.39
10-May-04,33.7
11-May-04,33.6
12-May-04,33.4
13-May-04,33.51
14-May-04,33.663
17-May-04,33.62
18-May-04,33.63
19-May-04,33.37
20-May-04,33.59
21-May-04,33.49
24-May-04,33.49
25-May-04,33.48
26-May-04,33.47
27-May-04,33.38
28-May-04,33.36
31-May-04,0.0
1-Jun-04,33.53
2-Jun-04,33.45
3-Jun-04,33.45
4-Jun-04,33.47
7-Jun-04,33.46
8-Jun-04,33.4
9-Jun-04,33.35
10-Jun-04,33.4
11-Jun-04,33.51
14-Jun-04,33.52
15-Jun-04,33.7
16-Jun-04,33.58
17-Jun-04,33.61
18-Jun-04,33.64
21-Jun-04,33.67
22-Jun-04,33.8
23-Jun-04,33.79
24-Jun-04,33.59
25-Jun-04,33.57
28-Jun-04,33.65
29-Jun-04,33.69
30-Jun-04,33.66
1-Jul-04,33.6
2-Jul-04,33.62
5-Jul-04,0.0
6-Jul-04,33.61
7-Jul-04,33.58
8-Jul-04,33.6
9-Jul-04,33.62
12-Jul-04,33.64
13-Jul-04,33.62
14-Jul-04,33.685
15-Jul-04,33.85
16-Jul-04,33.815
19-Jul-04,33.84
20-Jul-04,33.87
21-Jul-04,33.835
22-Jul-04,33.85
23-Jul-04,33.965
26-Jul-04,34.15
27-Jul-04,34.05
28-Jul-04,34.0
29-Jul-04,34.09
30-Jul-04,34.04
2-Aug-04,33.98
3-Aug-04,34.11
4-Aug-04,34.08
5-Aug-04,34.05
6-Aug-04,34.16
9-Aug-04,34.05
10-Aug-04,33.99
11-Aug-04,34.04
12-Aug-04,34.14
13-Aug-04,34.07
16-Aug-04,34.03
17-Aug-04,34.04
18-Aug-04,34.05
19-Aug-04,33.93
20-Aug-04,33.93
23-Aug-04,33.95
24-Aug-04,34.06
25-Aug-04,34.07
26-Aug-04,33.95
27-Aug-04,33.97
30-Aug-04,33.92
31-Aug-04,33.94
1-Sep-04,33.87
2-Sep-04,33.84
3-Sep-04,33.81
6-Sep-04,0.0
7-Sep-04,33.95
8-Sep-04,33.9
9-Sep-04,33.82
10-Sep-04,33.93
13-Sep-04,33.92
14-Sep-04,33.875
15-Sep-04,33.76
16-Sep-04,33.69
17-Sep-04,33.875
20-Sep-04,33.91
21-Sep-04,33.93
22-Sep-04,33.8
23-Sep-04,33.85
24-Sep-04,33.88
27-Sep-04,34.0
28-Sep-04,34.1
29-Sep-04,34.05
30-Sep-04,33.99
1-Oct-04,33.84
4-Oct-04,33.89
5-Oct-04,33.93
6-Oct-04,33.925
7-Oct-04,33.925
8-Oct-04,33.74
11-Oct-04,0.0
12-Oct-04,33.895
13-Oct-04,33.92
14-Oct-04,33.89
15-Oct-04,33.88
18-Oct-04,33.76
19-Oct-04,33.87
20-Oct-04,33.81
21-Oct-04,33.78
22-Oct-04,33.62
25-Oct-04,33.7
26-Oct-04,33.68
27-Oct-04,33.58
28-Oct-04,33.465
29-Oct-04,33.395
1-Nov-04,33.44
2-Nov-04,33.48
3-Nov-04,33.385
4-Nov-04,33.15
5-Nov-04,33.095
8-Nov-04,32.915
9-Nov-04,32.915
10-Nov-04,33.23
11-Nov-04,0.0
12-Nov-04,32.97
15-Nov-04,32.815
16-Nov-04,32.81
17-Nov-04,32.57
18-Nov-04,32.635
19-Nov-04,32.44
22-Nov-04,32.46
23-Nov-04,32.45
24-Nov-04,32.21
25-Nov-04,0.0
26-Nov-04,32.2
29-Nov-04,32.17
30-Nov-04,32.2
1-Dec-04,32.18
2-Dec-04,31.85
3-Dec-04,32.18
6-Dec-04,32.02
7-Dec-04,32.08
8-Dec-04,32.12
9-Dec-04,32.16
10-Dec-04,32.455
13-Dec-04,32.275
14-Dec-04,32.49
15-Dec-04,32.41
16-Dec-04,32.32
17-Dec-04,32.35
20-Dec-04,32.3
21-Dec-04,32.34
22-Dec-04,32.26
23-Dec-04,32.18
24-Dec-04,32.171
27-Dec-04,32.04
28-Dec-04,32.035
29-Dec-04,32.02
30-Dec-04,31.94
31-Dec-04,31.74
3-Jan-05,31.71
4-Jan-05,31.79
5-Jan-05,31.92
6-Jan-05,32.04
7-Jan-05,32.0
10-Jan-05,32.215
11-Jan-05,31.98
12-Jan-05,31.85
13-Jan-05,31.69
14-Jan-05,31.885
17-Jan-05,0.0
18-Jan-05,31.88
19-Jan-05,31.79
20-Jan-05,31.79
21-Jan-05,31.84
24-Jan-05,31.65
25-Jan-05,31.84
26-Jan-05,31.7
27-Jan-05,31.92
28-Jan-05,31.73
31-Jan-05,31.71
1-Feb-05,31.79
2-Feb-05,31.69
3-Feb-05,31.655
4-Feb-05,31.54
7-Feb-05,31.605
8-Feb-05,31.77
9-Feb-05,31.79
10-Feb-05,31.725
11-Feb-05,31.64
14-Feb-05,31.535
15-Feb-05,31.445
16-Feb-05,31.59
17-Feb-05,31.47
18-Feb-05,31.46
21-Feb-05,0.0
22-Feb-05,31.115
23-Feb-05,31.195
24-Feb-05,31.215
25-Feb-05,31.165
28-Feb-05,31.06
1-Mar-05,30.945
2-Mar-05,30.74
3-Mar-05,30.847
4-Mar-05,30.81
7-Mar-05,30.873
8-Mar-05,30.865
9-Mar-05,30.806
10-Mar-05,30.65
11-Mar-05,30.68
14-Mar-05,30.821
15-Mar-05,30.99
16-Mar-05,30.98
17-Mar-05,31.04
18-Mar-05,31.01
21-Mar-05,31.28
22-Mar-05,31.29
23-Mar-05,31.38
24-Mar-05,31.42
25-Mar-05,31.45
28-Mar-05,31.63
29-Mar-05,31.73
30-Mar-05,31.73
31-Mar-05,31.46
1-Apr-05,31.34
4-Apr-05,31.54
5-Apr-05,31.54
6-Apr-05,31.53
7-Apr-05,31.51
8-Apr-05,31.57
11-Apr-05,31.57
12-Apr-05,31.62
13-Apr-05,31.42
14-Apr-05,31.7
15-Apr-05,31.56
18-Apr-05,31.62
19-Apr-05,31.5
20-Apr-05,31.46
21-Apr-05,31.51
22-Apr-05,31.49
25-Apr-05,31.32
26-Apr-05,31.34
27-Apr-05,31.39
28-Apr-05,31.32
29-Apr-05,31.23
2-May-05,31.33
3-May-05,31.26
4-May-05,31.0
5-May-05,31.05
6-May-05,31.15
9-May-05,31.24
10-May-05,31.2
11-May-05,30.98
12-May-05,31.3
13-May-05,31.27
16-May-05,31.37
17-May-05,31.39
18-May-05,31.34
19-May-05,31.34
20-May-05,31.47
23-May-05,31.38
24-May-05,31.3
25-May-05,31.37
26-May-05,31.41
27-May-05,31.29
30-May-05,0.0
31-May-05,31.13
1-Jun-05,31.3
2-Jun-05,31.3
3-Jun-05,31.27
6-Jun-05,31.15
7-Jun-05,31.22
8-Jun-05,31.27
9-Jun-05,31.29
10-Jun-05,31.33
13-Jun-05,31.48
14-Jun-05,31.43
15-Jun-05,31.37
16-Jun-05,31.4
17-Jun-05,31.22
20-Jun-05,31.37
21-Jun-05,31.3
22-Jun-05,31.36
23-Jun-05,31.35
24-Jun-05,31.31
27-Jun-05,31.32
28-Jun-05,31.33
29-Jun-05,31.63
30-Jun-05,31.64
1-Jul-05,31.64
4-Jul-05,0.0
5-Jul-05,31.95
6-Jul-05,31.88
7-Jul-05,32.01
8-Jul-05,32.07
11-Jul-05,31.93
12-Jul-05,31.82
13-Jul-05,31.88
14-Jul-05,31.93
15-Jul-05,31.95
18-Jul-05,31.87
19-Jul-05,32.0
20-Jul-05,31.89
21-Jul-05,31.94
22-Jul-05,31.61
25-Jul-05,31.72
26-Jul-05,31.94
27-Jul-05,31.91
28-Jul-05,31.85
29-Jul-05,31.92
1-Aug-05,31.9
2-Aug-05,31.82
3-Aug-05,31.84
4-Aug-05,31.85
5-Aug-05,31.77
8-Aug-05,31.81
9-Aug-05,31.96
10-Aug-05,31.88
11-Aug-05,31.9
12-Aug-05,31.88
15-Aug-05,31.95
16-Aug-05,31.98
17-Aug-05,32.05
18-Aug-05,32.19
19-Aug-05,32.15
22-Aug-05,32.1
23-Aug-05,32.16
24-Aug-05,32.23
25-Aug-05,32.25
26-Aug-05,32.2
29-Aug-05,32.44
30-Aug-05,32.72
31-Aug-05,32.71
1-Sep-05,32.71
2-Sep-05,32.52
5-Sep-05,0.0
6-Sep-05,32.54
7-Sep-05,32.6
8-Sep-05,32.74
9-Sep-05,32.7
12-Sep-05,32.68
13-Sep-05,32.74
14-Sep-05,32.77
15-Sep-05,32.83
16-Sep-05,32.93
19-Sep-05,33.1
20-Sep-05,33.04
21-Sep-05,33.07
22-Sep-05,33.14
23-Sep-05,33.17
26-Sep-05,33.27
27-Sep-05,33.24
28-Sep-05,33.24
29-Sep-05,33.21
30-Sep-05,33.18
3-Oct-05,33.19
4-Oct-05,33.29
5-Oct-05,33.19
6-Oct-05,33.21
7-Oct-05,33.19
10-Oct-05,0.0
11-Oct-05,33.22
12-Oct-05,33.33
13-Oct-05,33.43
14-Oct-05,33.41
17-Oct-05,33.45
18-Oct-05,33.54
19-Oct-05,33.64
20-Oct-05,33.68
21-Oct-05,33.63
24-Oct-05,33.77
25-Oct-05,33.74
26-Oct-05,33.66
27-Oct-05,33.63
28-Oct-05,33.6
31-Oct-05,33.55
1-Nov-05,33.58
2-Nov-05,33.58
3-Nov-05,33.58
4-Nov-05,33.61
7-Nov-05,33.68
8-Nov-05,33.71
9-Nov-05,33.64
10-Nov-05,33.56
11-Nov-05,0.0
14-Nov-05,33.39
15-Nov-05,33.51
16-Nov-05,33.62
17-Nov-05,33.63
18-Nov-05,33.63
21-Nov-05,33.61
22-Nov-05,33.62
23-Nov-05,33.48
24-Nov-05,0.0
25-Nov-05,33.55
28-Nov-05,33.6
29-Nov-05,33.51
30-Nov-05,33.51
1-Dec-05,33.56
2-Dec-05,33.53
5-Dec-05,33.49
6-Dec-05,33.46
7-Dec-05,33.48
8-Dec-05,33.5
9-Dec-05,33.5
12-Dec-05,33.55
13-Dec-05,33.45
14-Dec-05,33.318
15-Dec-05,33.18
16-Dec-05,33.12
19-Dec-05,33.18
20-Dec-05,33.25
21-Dec-05,33.25
22-Dec-05,33.21
23-Dec-05,33.13
26-Dec-05,0.0
27-Dec-05,33.09
28-Dec-05,33.06
29-Dec-05,32.9
30-Dec-05,32.8
2-Jan-06,0.0
3-Jan-06,32.59
4-Jan-06,32.29
5-Jan-06,31.96
6-Jan-06,32.15
9-Jan-06,31.9
10-Jan-06,31.98
11-Jan-06,32.07
12-Jan-06,31.83
13-Jan-06,31.94
16-Jan-06,0.0
17-Jan-06,31.95
18-Jan-06,32.12
19-Jan-06,32.13
20-Jan-06,32.1
23-Jan-06,31.94
24-Jan-06,31.94
25-Jan-06,31.97
26-Jan-06,31.96
27-Jan-06,31.94
30-Jan-06,31.97
31-Jan-06,31.97
1-Feb-06,31.97
2-Feb-06,31.98
3-Feb-06,32.08
6-Feb-06,32.08
7-Feb-06,32.22
8-Feb-06,32.34
9-Feb-06,32.41
10-Feb-06,32.26
13-Feb-06,32.37
14-Feb-06,32.29
15-Feb-06,32.35
16-Feb-06,32.4
17-Feb-06,32.38
20-Feb-06,0.0
21-Feb-06,32.44
22-Feb-06,32.65
23-Feb-06,32.51
24-Feb-06,32.48
27-Feb-06,32.45
28-Feb-06,32.4
1-Mar-06,32.28
2-Mar-06,32.3
3-Mar-06,32.35
6-Mar-06,32.43
7-Mar-06,32.51
8-Mar-06,32.52
9-Mar-06,32.48
10-Mar-06,32.47
13-Mar-06,32.5
14-Mar-06,32.38
15-Mar-06,32.35
16-Mar-06,32.44
17-Mar-06,32.38
20-Mar-06,32.38
21-Mar-06,32.46
22-Mar-06,32.51
23-Mar-06,32.57
24-Mar-06,32.62
27-Mar-06,32.56
28-Mar-06,32.6
29-Mar-06,32.55
30-Mar-06,32.49
31-Mar-06,32.42
3-Apr-06,32.54
4-Apr-06,32.42
5-Apr-06,32.43
6-Apr-06,32.28
7-Apr-06,32.28
10-Apr-06,32.36
11-Apr-06,32.4
12-Apr-06,32.52
13-Apr-06,32.45
14-Apr-06,32.48
17-Apr-06,32.42
18-Apr-06,32.44
19-Apr-06,32.36
20-Apr-06,32.3
21-Apr-06,32.3
24-Apr-06,31.98
25-Apr-06,31.94
26-Apr-06,32.05
27-Apr-06,31.91
28-Apr-06,31.9
1-May-06,31.9
2-May-06,31.72
3-May-06,31.57
4-May-06,31.63
5-May-06,31.6
8-May-06,31.32
9-May-06,31.49
10-May-06,31.28
11-May-06,31.45
12-May-06,31.35
15-May-06,31.59
16-May-06,31.75
17-May-06,31.53
18-May-06,31.84
19-May-06,31.89
22-May-06,32.13
23-May-06,31.98
24-May-06,32.0
25-May-06,32.09
26-May-06,32.02
29-May-06,0.0
30-May-06,32.09
31-May-06,31.99
1-Jun-06,32.05
2-Jun-06,32.04
5-Jun-06,32.03
6-Jun-06,32.02
7-Jun-06,32.21
8-Jun-06,32.46
9-Jun-06,32.4
12-Jun-06,32.54
13-Jun-06,32.62
14-Jun-06,32.53
15-Jun-06,32.53
16-Jun-06,32.42
19-Jun-06,32.54
20-Jun-06,32.56
21-Jun-06,32.59
22-Jun-06,32.6
23-Jun-06,32.7
26-Jun-06,32.67
27-Jun-06,32.65
28-Jun-06,32.62
29-Jun-06,32.56
30-Jun-06,32.33
3-Jul-06,32.24
4-Jul-06,0.0
5-Jul-06,32.32
6-Jul-06,32.39
7-Jul-06,32.34
10-Jul-06,32.31
11-Jul-06,32.45
12-Jul-06,32.46
13-Jul-06,32.54
14-Jul-06,32.63
17-Jul-06,32.85
18-Jul-06,32.85
19-Jul-06,32.87
20-Jul-06,32.71
21-Jul-06,32.69
24-Jul-06,32.85
25-Jul-06,32.78
26-Jul-06,32.84
27-Jul-06,32.74
28-Jul-06,32.74
31-Jul-06,32.74
1-Aug-06,32.82
2-Aug-06,32.86
3-Aug-06,32.86
4-Aug-06,32.87
7-Aug-06,32.81
8-Aug-06,32.81
9-Aug-06,32.77
10-Aug-06,32.54
11-Aug-06,32.61
14-Aug-06,32.71
15-Aug-06,32.7
16-Aug-06,32.7
17-Aug-06,32.59
18-Aug-06,32.62
21-Aug-06,32.65
22-Aug-06,32.72
23-Aug-06,32.74
24-Aug-06,32.81
25-Aug-06,32.85
28-Aug-06,32.91
29-Aug-06,32.82
30-Aug-06,32.87
31-Aug-06,32.86
1-Sep-06,32.85
4-Sep-06,0.0
5-Sep-06,32.71
6-Sep-06,32.8
7-Sep-06,32.79
8-Sep-06,32.89
11-Sep-06,32.92
12-Sep-06,32.91
13-Sep-06,32.88
14-Sep-06,32.91
15-Sep-06,32.93
18-Sep-06,32.91
19-Sep-06,32.89
20-Sep-06,32.9
21-Sep-06,32.92
22-Sep-06,32.93
25-Sep-06,32.94
26-Sep-06,32.94
27-Sep-06,32.96
28-Sep-06,32.99
29-Sep-06,33.1
2-Oct-06,33.13
3-Oct-06,33.05
4-Oct-06,33.12
5-Oct-06,33.09
6-Oct-06,33.09
9-Oct-06,0.0
10-Oct-06,33.09
11-Oct-06,33.29
12-Oct-06,33.23
13-Oct-06,33.12
16-Oct-06,33.23
17-Oct-06,33.15
18-Oct-06,33.18
19-Oct-06,33.19
20-Oct-06,33.2
23-Oct-06,33.27
24-Oct-06,33.31
25-Oct-06,33.31
26-Oct-06,33.26
27-Oct-06,33.28
30-Oct-06,33.22
31-Oct-06,33.26
1-Nov-06,33.16
2-Nov-06,33.02
3-Nov-06,32.91
6-Nov-06,32.95
7-Nov-06,32.78
8-Nov-06,32.85
9-Nov-06,32.89
10-Nov-06,32.77
13-Nov-06,32.77
14-Nov-06,32.77
15-Nov-06,32.81
16-Nov-06,32.82
17-Nov-06,32.92
20-Nov-06,32.92
21-Nov-06,32.84
22-Nov-06,32.81
23-Nov-06,0.0
24-Nov-06,32.77
27-Nov-06,32.7
28-Nov-06,32.67
29-Nov-06,32.49
30-Nov-06,32.35
1-Dec-06,32.34
4-Dec-06,32.39
5-Dec-06,32.29
6-Dec-06,32.29
7-Dec-06,32.27
8-Dec-06,32.39
11-Dec-06,32.49
12-Dec-06,32.48
13-Dec-06,32.56
14-Dec-06,32.53
15-Dec-06,32.58
18-Dec-06,32.6
19-Dec-06,32.74
20-Dec-06,32.61
21-Dec-06,32.55
22-Dec-06,32.55
25-Dec-06,0.0
26-Dec-06,32.65
27-Dec-06,32.68
28-Dec-06,32.65
29-Dec-06,32.59
1-Jan-07,0.0
2-Jan-07,32.38
3-Jan-07,32.4
4-Jan-07,32.53
5-Jan-07,32.61
8-Jan-07,32.67
9-Jan-07,32.69
10-Jan-07,32.75
11-Jan-07,32.83
12-Jan-07,32.74
15-Jan-07,0.0
16-Jan-07,32.77
17-Jan-07,32.78
18-Jan-07,32.79
19-Jan-07,32.81
22-Jan-07,32.95
23-Jan-07,32.95
24-Jan-07,32.82
25-Jan-07,32.85
26-Jan-07,32.93
29-Jan-07,32.99
30-Jan-07,32.97
31-Jan-07,32.95
1-Feb-07,32.86
2-Feb-07,32.91
5-Feb-07,32.92
6-Feb-07,32.92
7-Feb-07,33.01
8-Feb-07,33.03
9-Feb-07,32.96
12-Feb-07,33.02
13-Feb-07,33.08
14-Feb-07,32.98
15-Feb-07,32.9
16-Feb-07,32.94
19-Feb-07,0.0
20-Feb-07,32.98
21-Feb-07,32.98
22-Feb-07,32.98
23-Feb-07,33.07
26-Feb-07,32.96
27-Feb-07,32.92
28-Feb-07,32.98
1-Mar-07,32.88
2-Mar-07,32.84
5-Mar-07,32.92
6-Mar-07,32.96
7-Mar-07,32.92
8-Mar-07,32.97
9-Mar-07,32.96
12-Mar-07,32.98
13-Mar-07,32.96
14-Mar-07,33.03
15-Mar-07,33.04
16-Mar-07,33.1
19-Mar-07,33.11
20-Mar-07,33.13
21-Mar-07,33.11
22-Mar-07,32.99
23-Mar-07,33.04
26-Mar-07,33.06
27-Mar-07,33.06
28-Mar-07,33.06
29-Mar-07,33.08
30-Mar-07,33.01
2-Apr-07,33.06
3-Apr-07,33.12
4-Apr-07,33.05
5-Apr-07,33.06
6-Apr-07,33.14
9-Apr-07,33.06
10-Apr-07,33.11
11-Apr-07,33.12
12-Apr-07,33.1
13-Apr-07,33.13
16-Apr-07,33.15
17-Apr-07,33.13
18-Apr-07,33.16
19-Apr-07,33.11
20-Apr-07,33.15
23-Apr-07,33.17
24-Apr-07,33.17
25-Apr-07,33.18
26-Apr-07,33.28
27-Apr-07,33.27
30-Apr-07,33.33
1-May-07,33.35
2-May-07,33.34
3-May-07,33.3
4-May-07,33.27
7-May-07,33.21
8-May-07,33.26
9-May-07,33.28
10-May-07,33.33
11-May-07,33.28
14-May-07,33.32
15-May-07,33.33
16-May-07,33.34
17-May-07,33.37
18-May-07,33.35
21-May-07,33.38
22-May-07,33.39
23-May-07,33.41
24-May-07,33.29
25-May-07,33.23
28-May-07,0.0
29-May-07,33.02
30-May-07,32.97
31-May-07,33.09
1-Jun-07,33.0
4-Jun-07,33.0
5-Jun-07,32.99
6-Jun-07,33.01
7-Jun-07,33.03
8-Jun-07,32.98
11-Jun-07,33.02
12-Jun-07,33.02
13-Jun-07,33.05
14-Jun-07,33.17
15-Jun-07,33.18
18-Jun-07,33.17
19-Jun-07,33.15
20-Jun-07,33.05
21-Jun-07,32.93
22-Jun-07,32.75
25-Jun-07,32.74
26-Jun-07,32.77
27-Jun-07,32.8
28-Jun-07,32.82
29-Jun-07,32.83
2-Jul-07,32.77
3-Jul-07,32.79
4-Jul-07,0.0
5-Jul-07,32.79
6-Jul-07,32.84
9-Jul-07,32.79
10-Jul-07,32.78
11-Jul-07,32.78
12-Jul-07,32.79
13-Jul-07,32.8
16-Jul-07,32.84
17-Jul-07,32.83
18-Jul-07,32.83
19-Jul-07,32.82
20-Jul-07,32.79
23-Jul-07,32.78
24-Jul-07,32.79
25-Jul-07,32.8
26-Jul-07,32.83
27-Jul-07,32.88
30-Jul-07,32.8
31-Jul-07,32.88
1-Aug-07,32.9
2-Aug-07,32.86
3-Aug-07,32.91
6-Aug-07,32.9
7-Aug-07,32.91
8-Aug-07,32.94
9-Aug-07,32.92
10-Aug-07,32.94
13-Aug-07,32.95
14-Aug-07,32.99
15-Aug-07,33.01
16-Aug-07,33.08
17-Aug-07,32.84
20-Aug-07,32.89
21-Aug-07,33.04
22-Aug-07,32.99
23-Aug-07,32.97
24-Aug-07,32.98
27-Aug-07,32.99
28-Aug-07,33.02
29-Aug-07,33.01
30-Aug-07,33.06
31-Aug-07,33.02
3-Sep-07,0.0
4-Sep-07,33.03
5-Sep-07,33.05
6-Sep-07,33.05
7-Sep-07,33.04
10-Sep-07,33.06
11-Sep-07,33.08
12-Sep-07,33.06
13-Sep-07,33.08
14-Sep-07,33.08
17-Sep-07,33.08
18-Sep-07,33.1
19-Sep-07,33.08
20-Sep-07,33.06
21-Sep-07,32.95
24-Sep-07,32.92
25-Sep-07,32.95
26-Sep-07,32.93
27-Sep-07,32.92
28-Sep-07,32.67
1-Oct-07,32.56
2-Oct-07,32.58
3-Oct-07,32.57
4-Oct-07,32.58
5-Oct-07,32.6
8-Oct-07,0.0
9-Oct-07,32.59
10-Oct-07,32.59
11-Oct-07,32.57
12-Oct-07,32.58
15-Oct-07,32.6
16-Oct-07,32.6
17-Oct-07,32.61
18-Oct-07,32.6
19-Oct-07,32.57
22-Oct-07,32.57
23-Oct-07,32.58
24-Oct-07,32.57
25-Oct-07,32.48
26-Oct-07,32.46
29-Oct-07,32.39
30-Oct-07,32.4
31-Oct-07,32.39
1-Nov-07,32.38
2-Nov-07,32.39
5-Nov-07,32.4
6-Nov-07,32.38
7-Nov-07,32.34
8-Nov-07,32.3
9-Nov-07,32.27
12-Nov-07,0.0
13-Nov-07,32.29
14-Nov-07,32.28
15-Nov-07,32.29
16-Nov-07,32.34
19-Nov-07,32.35
20-Nov-07,32.35
21-Nov-07,32.34
22-Nov-07,0.0
23-Nov-07,32.32
26-Nov-07,32.32
27-Nov-07,32.32
28-Nov-07,32.33
29-Nov-07,32.3
30-Nov-07,32.26
3-Dec-07,32.3
4-Dec-07,32.31
5-Dec-07,32.3
6-Dec-07,32.31
7-Dec-07,32.3
10-Dec-07,32.32
11-Dec-07,32.34
12-Dec-07,32.35
13-Dec-07,32.36
14-Dec-07,32.36
17-Dec-07,32.48
18-Dec-07,32.52
19-Dec-07,32.51
20-Dec-07,32.5
21-Dec-07,32.49
24-Dec-07,32.49
25-Dec-07,0.0
26-Dec-07,32.53
27-Dec-07,32.53
28-Dec-07,32.5
31-Dec-07,32.43
1-Jan-08,0.0
2-Jan-08,32.44
3-Jan-08,32.43
4-Jan-08,32.42
7-Jan-08,32.49
8-Jan-08,32.46
9-Jan-08,32.47
10-Jan-08,32.49
11-Jan-08,32.47
14-Jan-08,32.33
15-Jan-08,32.23
16-Jan-08,32.27
17-Jan-08,32.28
18-Jan-08,32.31
21-Jan-08,0.0
22-Jan-08,32.44
23-Jan-08,32.41
24-Jan-08,32.34
25-Jan-08,32.29
28-Jan-08,32.32
29-Jan-08,32.29
30-Jan-08,32.2
31-Jan-08,32.15
1-Feb-08,32.03
4-Feb-08,32.03
5-Feb-08,32.0
6-Feb-08,32.0
7-Feb-08,32.0
8-Feb-08,32.0
11-Feb-08,32.0
12-Feb-08,31.87
13-Feb-08,31.63
14-Feb-08,31.69
15-Feb-08,31.73
18-Feb-08,0.0
19-Feb-08,31.66
20-Feb-08,31.63
21-Feb-08,31.52
22-Feb-08,31.31
25-Feb-08,31.25
26-Feb-08,31.18
27-Feb-08,30.9
28-Feb-08,30.9
29-Feb-08,30.92
3-Mar-08,31.09
4-Mar-08,30.91
5-Mar-08,30.83
6-Mar-08,30.7
7-Mar-08,30.71
10-Mar-08,30.63
11-Mar-08,30.58
12-Mar-08,30.68
13-Mar-08,30.66
14-Mar-08,30.74
17-Mar-08,30.85
18-Mar-08,30.72
19-Mar-08,30.71
20-Mar-08,30.66
21-Mar-08,30.5
24-Mar-08,30.19
25-Mar-08,30.08
26-Mar-08,29.99
27-Mar-08,30.14
28-Mar-08,30.38
31-Mar-08,30.37
1-Apr-08,30.3
2-Apr-08,30.37
3-Apr-08,30.41
4-Apr-08,30.41
7-Apr-08,30.41
8-Apr-08,30.52
9-Apr-08,30.45
10-Apr-08,30.3
11-Apr-08,30.29
14-Apr-08,30.31
15-Apr-08,30.25
16-Apr-08,30.24
17-Apr-08,30.29
18-Apr-08,30.41
21-Apr-08,30.27
22-Apr-08,30.26
23-Apr-08,30.29
24-Apr-08,30.35
25-Apr-08,30.34
28-Apr-08,30.42
29-Apr-08,30.46
30-Apr-08,30.47
1-May-08,30.51
2-May-08,30.49
5-May-08,30.46
6-May-08,30.44
7-May-08,30.64
8-May-08,30.85
9-May-08,30.74
12-May-08,30.79
13-May-08,30.86
14-May-08,30.99
15-May-08,30.91
16-May-08,30.6
19-May-08,30.47
20-May-08,30.54
21-May-08,30.4
22-May-08,30.36
23-May-08,30.49
26-May-08,0.0
27-May-08,30.53
28-May-08,30.49
29-May-08,30.44
30-May-08,30.37
2-Jun-08,30.15
3-Jun-08,30.37
4-Jun-08,30.35
5-Jun-08,30.38
6-Jun-08,30.41
9-Jun-08,30.32
10-Jun-08,30.44
11-Jun-08,30.34
12-Jun-08,30.39
13-Jun-08,30.44
16-Jun-08,30.38
17-Jun-08,30.33
18-Jun-08,30.38
19-Jun-08,30.39
20-Jun-08,30.42
23-Jun-08,30.44
24-Jun-08,30.4
25-Jun-08,30.33
26-Jun-08,30.39
27-Jun-08,30.37
30-Jun-08,30.36
1-Jul-08,30.37
2-Jul-08,30.38
3-Jul-08,30.43
4-Jul-08,0.0
7-Jul-08,30.38
8-Jul-08,30.38
9-Jul-08,30.4
10-Jul-08,30.43
11-Jul-08,30.38
14-Jul-08,30.4
15-Jul-08,30.38
16-Jul-08,30.35
17-Jul-08,30.35
18-Jul-08,30.32
21-Jul-08,30.34
22-Jul-08,30.34
23-Jul-08,30.39
24-Jul-08,30.43
25-Jul-08,30.45
28-Jul-08,30.4
29-Jul-08,30.48
30-Jul-08,30.61
31-Jul-08,30.72
1-Aug-08,30.75
4-Aug-08,30.7
5-Aug-08,30.74
6-Aug-08,30.74
7-Aug-08,31.04
8-Aug-08,31.25
11-Aug-08,31.12
12-Aug-08,31.13
13-Aug-08,31.22
14-Aug-08,31.25
15-Aug-08,31.36
18-Aug-08,31.31
19-Aug-08,31.43
20-Aug-08,31.4
21-Aug-08,31.26
22-Aug-08,31.36
25-Aug-08,31.42
26-Aug-08,31.54
27-Aug-08,31.52
28-Aug-08,31.54
29-Aug-08,31.55
1-Sep-08,0.0
2-Sep-08,31.83
3-Sep-08,31.79
4-Sep-08,31.84
5-Sep-08,31.86
8-Sep-08,31.77
9-Sep-08,31.86
10-Sep-08,31.94
11-Sep-08,32.12
12-Sep-08,31.93
15-Sep-08,32.07
16-Sep-08,32.08
17-Sep-08,32.09
18-Sep-08,32.22
19-Sep-08,32.16
22-Sep-08,32.02
23-Sep-08,31.91
24-Sep-08,31.91
25-Sep-08,32.04
26-Sep-08,32.12
29-Sep-08,32.05
30-Sep-08,32.23
1-Oct-08,32.14
2-Oct-08,32.14
3-Oct-08,32.15
6-Oct-08,32.34
7-Oct-08,32.37
8-Oct-08,32.45
9-Oct-08,32.44
10-Oct-08,32.44
13-Oct-08,0.0
14-Oct-08,32.4
15-Oct-08,32.38
16-Oct-08,32.55
17-Oct-08,32.57
20-Oct-08,32.58
21-Oct-08,32.8
22-Oct-08,32.98
23-Oct-08,33.43
24-Oct-08,33.425
27-Oct-08,33.5
28-Oct-08,33.45
29-Oct-08,33.2
30-Oct-08,32.75
31-Oct-08,32.97
3-Nov-08,32.86
4-Nov-08,32.86
5-Nov-08,32.82
6-Nov-08,32.8
7-Nov-08,32.81
10-Nov-08,32.77
11-Nov-08,0.0
12-Nov-08,32.95
13-Nov-08,33.18
14-Nov-08,33.05
17-Nov-08,33.16
18-Nov-08,33.23
19-Nov-08,33.26
20-Nov-08,33.42
21-Nov-08,33.4
24-Nov-08,33.4
25-Nov-08,33.34
26-Nov-08,33.25
27-Nov-08,0.0
28-Nov-08,33.29
1-Dec-08,33.33
2-Dec-08,33.41
3-Dec-08,33.52
4-Dec-08,33.52
5-Dec-08,33.55
8-Dec-08,33.47
9-Dec-08,33.48
10-Dec-08,33.45
11-Dec-08,33.26
12-Dec-08,33.26
15-Dec-08,33.19
16-Dec-08,33.02
17-Dec-08,33.58
18-Dec-08,32.45
19-Dec-08,32.45
22-Dec-08,32.94
23-Dec-08,33.01
24-Dec-08,33.03
25-Dec-08,0.0
26-Dec-08,32.99
29-Dec-08,32.99
30-Dec-08,32.76
31-Dec-08,32.76
1-Jan-09,0.0
2-Jan-09,32.82
5-Jan-09,33.0
6-Jan-09,33.1
7-Jan-09,33.03
8-Jan-09,33.1
9-Jan-09,33.14
12-Jan-09,33.25
13-Jan-09,33.23
14-Jan-09,33.2
15-Jan-09,33.36
16-Jan-09,33.34
19-Jan-09,0.0
20-Jan-09,33.63
21-Jan-09,33.58
22-Jan-09,33.53
23-Jan-09,33.68
26-Jan-09,33.68
27-Jan-09,33.68
28-Jan-09,33.68
29-Jan-09,33.66
30-Jan-09,33.7
2-Feb-09,33.7
3-Feb-09,33.72
4-Feb-09,33.66
5-Feb-09,33.66
6-Feb-09,33.61
9-Feb-09,33.71
10-Feb-09,33.95
11-Feb-09,33.97
12-Feb-09,34.02
13-Feb-09,34.03
16-Feb-09,0.0
17-Feb-09,34.58
18-Feb-09,34.63
19-Feb-09,34.58
20-Feb-09,34.8
23-Feb-09,34.61
24-Feb-09,34.73
25-Feb-09,34.74
26-Feb-09,34.84
27-Feb-09,35.0
2-Mar-09,35.21
3-Mar-09,35.08
4-Mar-09,35.05
5-Mar-09,34.93
6-Mar-09,34.66
9-Mar-09,34.81
10-Mar-09,34.58
11-Mar-09,34.46
12-Mar-09,34.48
13-Mar-09,34.49
16-Mar-09,34.4
17-Mar-09,34.21
18-Mar-09,34.18
19-Mar-09,33.9
20-Mar-09,33.75
23-Mar-09,33.77
24-Mar-09,33.77
25-Mar-09,33.82
26-Mar-09,33.75
27-Mar-09,33.76
30-Mar-09,33.76
31-Mar-09,33.87
1-Apr-09,33.82
2-Apr-09,33.05
3-Apr-09,33.16
6-Apr-09,33.1
7-Apr-09,33.6
8-Apr-09,33.88
9-Apr-09,33.74
10-Apr-09,33.78
13-Apr-09,33.68
14-Apr-09,33.61
15-Apr-09,33.78
16-Apr-09,33.8
17-Apr-09,32.99
20-Apr-09,33.82
21-Apr-09,33.85
22-Apr-09,33.85
23-Apr-09,33.81
24-Apr-09,33.69
27-Apr-09,33.72
28-Apr-09,33.79
29-Apr-09,33.64
30-Apr-09,33.06
1-May-09,33.14
4-May-09,32.99
5-May-09,33.02
6-May-09,33.14
7-May-09,33.11
8-May-09,33.01
11-May-09,32.93
12-May-09,32.83
13-May-09,32.91
14-May-09,32.95
15-May-09,32.92
18-May-09,32.98
19-May-09,32.85
20-May-09,32.8
21-May-09,32.71
22-May-09,32.55
25-May-09,0.0
26-May-09,32.63
27-May-09,32.72
28-May-09,32.63
29-May-09,32.57
1-Jun-09,32.36
2-Jun-09,32.37
3-Jun-09,32.49
4-Jun-09,32.58
5-Jun-09,32.64
8-Jun-09,32.87
9-Jun-09,32.74
10-Jun-09,32.68
11-Jun-09,32.72
12-Jun-09,32.79
15-Jun-09,32.94
16-Jun-09,32.87
17-Jun-09,32.96
18-Jun-09,32.88
19-Jun-09,32.86
22-Jun-09,32.89
23-Jun-09,32.88
24-Jun-09,32.85
25-Jun-09,32.95
26-Jun-09,32.95
29-Jun-09,32.9
30-Jun-09,32.77
1-Jul-09,32.69
2-Jul-09,32.9
3-Jul-09,32.87
6-Jul-09,32.98
7-Jul-09,32.96
8-Jul-09,33.01
9-Jul-09,32.95
10-Jul-09,33.04
13-Jul-09,33.13
14-Jul-09,33.078
15-Jul-09,32.87
16-Jul-09,32.87
17-Jul-09,32.86
20-Jul-09,32.75
21-Jul-09,32.75
22-Jul-09,32.82
23-Jul-09,32.74
24-Jul-09,32.81
27-Jul-09,32.85
28-Jul-09,32.725
29-Jul-09,32.86
30-Jul-09,32.8
31-Jul-09,32.8
3-Aug-09,32.8
4-Aug-09,32.65
5-Aug-09,32.71
6-Aug-09,32.73
7-Aug-09,32.75
10-Aug-09,32.78
11-Aug-09,32.91
12-Aug-09,32.83
13-Aug-09,32.876
14-Aug-09,32.9
17-Aug-09,32.98
18-Aug-09,32.953
19-Aug-09,33.02
20-Aug-09,32.89
21-Aug-09,32.84
24-Aug-09,32.79
25-Aug-09,32.916
26-Aug-09,32.97
27-Aug-09,32.9
28-Aug-09,32.88
31-Aug-09,32.91
1-Sep-09,32.9
2-Sep-09,32.86
3-Sep-09,32.85
4-Sep-09,32.89
7-Sep-09,0.0
8-Sep-09,32.65
9-Sep-09,32.66
10-Sep-09,32.68
11-Sep-09,32.54
14-Sep-09,32.61
15-Sep-09,32.57
16-Sep-09,32.43
17-Sep-09,32.4
18-Sep-09,32.4
21-Sep-09,32.39
22-Sep-09,32.32
23-Sep-09,32.36
24-Sep-09,32.39
25-Sep-09,32.41
28-Sep-09,32.4
29-Sep-09,32.46
30-Sep-09,32.03
1-Oct-09,32.14
2-Oct-09,32.28
5-Oct-09,32.15
6-Oct-09,32.1
7-Oct-09,32.04
8-Oct-09,32.08
9-Oct-09,32.26
12-Oct-09,0.0
13-Oct-09,32.26
14-Oct-09,32.22
15-Oct-09,32.23
16-Oct-09,32.25
19-Oct-09,32.31
20-Oct-09,32.27
21-Oct-09,32.35
22-Oct-09,32.4
23-Oct-09,32.39
26-Oct-09,32.39
27-Oct-09,32.46
28-Oct-09,32.44
29-Oct-09,32.48
30-Oct-09,32.61
2-Nov-09,32.5
3-Nov-09,32.58
4-Nov-09,32.51
5-Nov-09,32.47
6-Nov-09,32.51
9-Nov-09,32.3
10-Nov-09,32.36
11-Nov-09,0.0
12-Nov-09,32.34
13-Nov-09,32.18
16-Nov-09,32.17
17-Nov-09,32.13
18-Nov-09,32.12
19-Nov-09,32.37
20-Nov-09,32.38
23-Nov-09,32.22
24-Nov-09,32.24
25-Nov-09,32.25
26-Nov-09,0.0
27-Nov-09,32.23
30-Nov-09,32.2
1-Dec-09,32.13
2-Dec-09,32.12
3-Dec-09,32.1
4-Dec-09,32.16
7-Dec-09,32.3
8-Dec-09,32.22
9-Dec-09,32.25
10-Dec-09,32.29
11-Dec-09,32.17
14-Dec-09,32.28
15-Dec-09,32.31
16-Dec-09,32.31
17-Dec-09,32.32
18-Dec-09,32.38
21-Dec-09,32.35
22-Dec-09,32.35
23-Dec-09,32.36
24-Dec-09,32.29
25-Dec-09,0.0
28-Dec-09,32.28
29-Dec-09,32.32
30-Dec-09,32.17
31-Dec-09,31.95
1-Jan-10,0.0
4-Jan-10,31.65
5-Jan-10,31.89
6-Jan-10,31.83
7-Jan-10,31.85
8-Jan-10,31.82
11-Jan-10,31.75
12-Jan-10,31.8
13-Jan-10,31.75
14-Jan-10,31.75
15-Jan-10,31.79
18-Jan-10,0.0
19-Jan-10,31.83
20-Jan-10,31.97
21-Jan-10,31.92
22-Jan-10,31.98
25-Jan-10,31.91
26-Jan-10,32.04
27-Jan-10,32.01
28-Jan-10,31.97
29-Jan-10,31.94
1-Feb-10,32.04
2-Feb-10,32.04
3-Feb-10,31.98
4-Feb-10,32.07
5-Feb-10,32.1
8-Feb-10,32.14
9-Feb-10,32.05
10-Feb-10,32.08
11-Feb-10,32.05
12-Feb-10,32.08
15-Feb-10,0.0
16-Feb-10,32.07
17-Feb-10,31.99
18-Feb-10,32.04
19-Feb-10,32.08
22-Feb-10,32.02
23-Feb-10,32.08
24-Feb-10,32.06
25-Feb-10,32.09
26-Feb-10,32.12
1-Mar-10,32.04
2-Mar-10,32.01
3-Mar-10,31.95
4-Mar-10,31.94
5-Mar-10,31.91
8-Mar-10,31.85
9-Mar-10,31.8
10-Mar-10,31.83
11-Mar-10,31.75
12-Mar-10,31.73
15-Mar-10,31.83
16-Mar-10,31.81
17-Mar-10,31.7
18-Mar-10,31.74
19-Mar-10,31.73
22-Mar-10,31.79
23-Mar-10,31.82
24-Mar-10,31.81
25-Mar-10,31.83
26-Mar-10,31.87
29-Mar-10,31.82
30-Mar-10,31.78
31-Mar-10,31.73
1-Apr-10,31.74
2-Apr-10,31.74
5-Apr-10,31.7
6-Apr-10,31.67
7-Apr-10,31.58
8-Apr-10,31.6
9-Apr-10,31.53
12-Apr-10,31.52
13-Apr-10,31.557
14-Apr-10,31.38
15-Apr-10,31.35
16-Apr-10,31.35
19-Apr-10,31.48
20-Apr-10,31.39
21-Apr-10,31.38
22-Apr-10,31.42
23-Apr-10,31.38
26-Apr-10,31.31
27-Apr-10,31.34
28-Apr-10,31.46
29-Apr-10,31.3
30-Apr-10,31.31
3-May-10,31.4
4-May-10,31.42
5-May-10,31.54
6-May-10,31.67
7-May-10,31.77
10-May-10,31.56
11-May-10,31.64
12-May-10,31.66
13-May-10,31.64
14-May-10,31.78
17-May-10,31.85
18-May-10,31.83
19-May-10,32.04
20-May-10,32.1
21-May-10,32.15
24-May-10,32.1
25-May-10,32.33
26-May-10,32.18
27-May-10,32.03
28-May-10,32.0
31-May-10,0.0
1-Jun-10,32.33
2-Jun-10,32.18
3-Jun-10,32.16
4-Jun-10,32.25
7-Jun-10,32.42
8-Jun-10,32.43
9-Jun-10,32.4
10-Jun-10,32.38
11-Jun-10,32.4
14-Jun-10,32.2
15-Jun-10,32.28
16-Jun-10,32.22
17-Jun-10,32.22
18-Jun-10,32.12
21-Jun-10,31.74
22-Jun-10,32.08
23-Jun-10,31.988
24-Jun-10,32.026
25-Jun-10,32.07
28-Jun-10,32.04
29-Jun-10,32.17
30-Jun-10,32.27
1-Jul-10,32.19
2-Jul-10,32.21
5-Jul-10,0.0
6-Jul-10,32.18
7-Jul-10,32.16
8-Jul-10,32.103
9-Jul-10,32.05
12-Jul-10,32.08
13-Jul-10,32.13
14-Jul-10,32.11
15-Jul-10,32.11
16-Jul-10,32.08
19-Jul-10,32.14
20-Jul-10,32.16
21-Jul-10,32.14
22-Jul-10,32.1
23-Jul-10,32.09
26-Jul-10,32.06
27-Jul-10,31.98
28-Jul-10,32.0
29-Jul-10,31.94
30-Jul-10,31.95
2-Aug-10,31.76
3-Aug-10,31.75
4-Aug-10,31.79
5-Aug-10,31.76
6-Aug-10,31.7
9-Aug-10,31.65
10-Aug-10,31.75
11-Aug-10,31.8
12-Aug-10,31.92
13-Aug-10,31.9
16-Aug-10,31.92
17-Aug-10,31.86
18-Aug-10,31.85
19-Aug-10,31.89
20-Aug-10,31.92
23-Aug-10,31.9
24-Aug-10,31.98
25-Aug-10,32.02
26-Aug-10,32.0
27-Aug-10,31.98
30-Aug-10,32.02
31-Aug-10,32.01
1-Sep-10,31.99
2-Sep-10,31.96
3-Sep-10,31.87
6-Sep-10,0.0
7-Sep-10,31.94
8-Sep-10,31.9
9-Sep-10,31.84
10-Sep-10,31.82
13-Sep-10,31.68
14-Sep-10,31.72
15-Sep-10,31.72
16-Sep-10,31.66
17-Sep-10,31.65
20-Sep-10,31.63
21-Sep-10,31.58
22-Sep-10,31.52
23-Sep-10,31.54
24-Sep-10,31.34
27-Sep-10,31.35
28-Sep-10,31.41
29-Sep-10,31.15
30-Sep-10,31.19
1-Oct-10,31.3
4-Oct-10,31.24
5-Oct-10,31.06
6-Oct-10,30.86
7-Oct-10,30.74
8-Oct-10,30.84
11-Oct-10,0.0
12-Oct-10,30.98
13-Oct-10,30.84
14-Oct-10,30.66
15-Oct-10,30.66
18-Oct-10,30.75
19-Oct-10,30.89
20-Oct-10,30.83
21-Oct-10,30.74
22-Oct-10,30.83
25-Oct-10,30.42
26-Oct-10,30.65
27-Oct-10,30.74
28-Oct-10,30.63
29-Oct-10,30.6
1-Nov-10,30.5
2-Nov-10,30.45
3-Nov-10,30.42
4-Nov-10,30.17
5-Nov-10,30.19
8-Nov-10,30.18
9-Nov-10,30.14
10-Nov-10,30.12
11-Nov-10,0.0
12-Nov-10,30.22
15-Nov-10,30.19
16-Nov-10,30.25
17-Nov-10,30.44
18-Nov-10,30.27
19-Nov-10,30.27
22-Nov-10,30.15
23-Nov-10,30.51
24-Nov-10,30.44
25-Nov-10,0.0
26-Nov-10,30.46
29-Nov-10,30.52
30-Nov-10,30.47
1-Dec-10,30.37
2-Dec-10,30.34
3-Dec-10,30.22
6-Dec-10,30.14
7-Dec-10,30.08
8-Dec-10,30.16
9-Dec-10,30.16
10-Dec-10,30.17
13-Dec-10,30.01
14-Dec-10,29.89
15-Dec-10,29.87
16-Dec-10,29.85
17-Dec-10,29.9
20-Dec-10,29.92
21-Dec-10,29.85
22-Dec-10,29.82
23-Dec-10,29.82
24-Dec-10,0.0
27-Dec-10,29.48
28-Dec-10,29.46
29-Dec-10,29.28
30-Dec-10,29.14
31-Dec-10,0.0
3-Jan-11,29.08
4-Jan-11,29.17
5-Jan-11,29.17
6-Jan-11,29.26
7-Jan-11,29.36
10-Jan-11,29.26
11-Jan-11,29.13
12-Jan-11,29.18
13-Jan-11,28.98
14-Jan-11,29.02
17-Jan-11,0.0
18-Jan-11,29.02
19-Jan-11,29.02
20-Jan-11,29.24
21-Jan-11,29.08
24-Jan-11,29.05
25-Jan-11,29.02
26-Jan-11,29.06
27-Jan-11,29.03
28-Jan-11,29.05
31-Jan-11,29.03
1-Feb-11,29.02
2-Feb-11,29.02
3-Feb-11,29.03
4-Feb-11,29.03
7-Feb-11,29.03
8-Feb-11,28.9
9-Feb-11,28.78
10-Feb-11,28.93
11-Feb-11,29.17
14-Feb-11,29.35
15-Feb-11,29.43
16-Feb-11,29.43
17-Feb-11,29.42
18-Feb-11,29.4
21-Feb-11,0.0
22-Feb-11,29.53
23-Feb-11,29.57
24-Feb-11,29.76
25-Feb-11,29.74
28-Feb-11,29.74
1-Mar-11,29.54
2-Mar-11,29.63
3-Mar-11,29.47
4-Mar-11,29.36
7-Mar-11,29.35
8-Mar-11,29.42
9-Mar-11,29.35
10-Mar-11,29.46
11-Mar-11,29.56
14-Mar-11,29.48
15-Mar-11,29.54
16-Mar-11,29.53
17-Mar-11,29.55
18-Mar-11,29.59
21-Mar-11,29.56
22-Mar-11,29.56
23-Mar-11,29.57
24-Mar-11,29.57
25-Mar-11,29.43
28-Mar-11,29.48
29-Mar-11,29.47
30-Mar-11,29.47
31-Mar-11,29.4
1-Apr-11,29.25
4-Apr-11,29.24
5-Apr-11,29.31
6-Apr-11,28.99
7-Apr-11,28.94
8-Apr-11,28.92
11-Apr-11,28.98
12-Apr-11,29.08
13-Apr-11,29.0
14-Apr-11,29.0
15-Apr-11,29.04
18-Apr-11,29.08
19-Apr-11,29.07
20-Apr-11,29.0
21-Apr-11,28.85
22-Apr-11,28.88
25-Apr-11,28.89
26-Apr-11,28.9
27-Apr-11,28.86
28-Apr-11,28.68
29-Apr-11,28.67
2-May-11,28.67
3-May-11,28.56
4-May-11,28.56
5-May-11,28.62
6-May-11,28.6
9-May-11,28.61
10-May-11,28.59
11-May-11,28.5
12-May-11,28.58
13-May-11,28.64
16-May-11,28.8
17-May-11,28.84
18-May-11,28.84
19-May-11,28.82
20-May-11,28.81
23-May-11,28.9
24-May-11,28.92
25-May-11,28.99
26-May-11,28.89
27-May-11,28.87
30-May-11,0.0
31-May-11,28.64
1-Jun-11,28.58
2-Jun-11,28.77
3-Jun-11,28.66
6-Jun-11,28.62
7-Jun-11,28.72
8-Jun-11,28.71
9-Jun-11,28.71
10-Jun-11,28.78
13-Jun-11,28.82
14-Jun-11,28.84
15-Jun-11,28.82
16-Jun-11,28.92
17-Jun-11,28.99
20-Jun-11,28.95
21-Jun-11,28.86
22-Jun-11,28.84
23-Jun-11,28.86
24-Jun-11,28.88
27-Jun-11,28.94
28-Jun-11,28.9
29-Jun-11,28.9
30-Jun-11,28.79
1-Jul-11,28.75
4-Jul-11,0.0
5-Jul-11,28.77
6-Jul-11,28.83
7-Jul-11,28.81
8-Jul-11,28.75
11-Jul-11,28.82
12-Jul-11,28.91
13-Jul-11,28.87
14-Jul-11,28.81
15-Jul-11,28.87
18-Jul-11,28.93
19-Jul-11,28.88
20-Jul-11,28.86
21-Jul-11,28.88
22-Jul-11,28.81
25-Jul-11,28.85
26-Jul-11,28.82
27-Jul-11,28.77
28-Jul-11,28.83
29-Jul-11,28.88
1-Aug-11,28.8
2-Aug-11,28.86
3-Aug-11,28.92
4-Aug-11,28.94
5-Aug-11,29.01
8-Aug-11,28.98
9-Aug-11,29.02
10-Aug-11,28.95
11-Aug-11,28.98
12-Aug-11,28.97
15-Aug-11,28.94
16-Aug-11,28.92
17-Aug-11,28.95
18-Aug-11,28.97
19-Aug-11,29.0
22-Aug-11,29.01
23-Aug-11,28.96
24-Aug-11,29.01
25-Aug-11,29.0
26-Aug-11,29.03
29-Aug-11,29.02
30-Aug-11,29.02
31-Aug-11,28.99
1-Sep-11,28.93
2-Sep-11,29.0
5-Sep-11,0.0
6-Sep-11,29.1
7-Sep-11,29.1
8-Sep-11,29.14
9-Sep-11,29.2
12-Sep-11,29.28
13-Sep-11,29.47
14-Sep-11,29.57
15-Sep-11,29.62
16-Sep-11,29.54
19-Sep-11,29.73
20-Sep-11,29.88
21-Sep-11,29.94
22-Sep-11,30.4
23-Sep-11,30.38
26-Sep-11,30.48
27-Sep-11,30.46
28-Sep-11,30.41
29-Sep-11,30.45
30-Sep-11,30.45
3-Oct-11,30.62
4-Oct-11,30.67
5-Oct-11,30.62
6-Oct-11,30.6
7-Oct-11,30.47
10-Oct-11,0.0
11-Oct-11,30.32
12-Oct-11,30.35
13-Oct-11,30.26
14-Oct-11,30.28
17-Oct-11,30.11
18-Oct-11,30.16
19-Oct-11,30.12
20-Oct-11,30.25
21-Oct-11,30.27
24-Oct-11,30.06
25-Oct-11,30.11
26-Oct-11,30.1
27-Oct-11,30.04
28-Oct-11,29.86
31-Oct-11,29.91
1-Nov-11,30.07
2-Nov-11,30.08
3-Nov-11,30.2
4-Nov-11,30.02
7-Nov-11,30.12
8-Nov-11,30.1
9-Nov-11,30.05
10-Nov-11,30.23
11-Nov-11,0.0
14-Nov-11,30.17
15-Nov-11,30.24
16-Nov-11,30.21
17-Nov-11,30.19
18-Nov-11,30.24
21-Nov-11,30.33
22-Nov-11,30.3
23-Nov-11,30.39
24-Nov-11,0.0
25-Nov-11,30.43
28-Nov-11,30.37
29-Nov-11,30.38
30-Nov-11,30.31
1-Dec-11,30.1
2-Dec-11,30.14
5-Dec-11,30.13
6-Dec-11,30.22
7-Dec-11,30.15
8-Dec-11,30.16
9-Dec-11,30.21
12-Dec-11,30.2
13-Dec-11,30.24
14-Dec-11,30.32
15-Dec-11,30.36
16-Dec-11,30.35
19-Dec-11,30.38
20-Dec-11,30.33
21-Dec-11,30.28
22-Dec-11,30.25
23-Dec-11,30.27
26-Dec-11,0.0
27-Dec-11,30.3
28-Dec-11,30.35
29-Dec-11,30.25
30-Dec-11,30.27
2-Jan-12,0.0
3-Jan-12,30.28
4-Jan-12,30.27
5-Jan-12,30.24
6-Jan-12,30.23
9-Jan-12,30.17
10-Jan-12,30.03
11-Jan-12,29.96
12-Jan-12,29.96
13-Jan-12,29.98
16-Jan-12,0.0
17-Jan-12,29.95
18-Jan-12,29.96
19-Jan-12,29.95
20-Jan-12,29.95
23-Jan-12,29.95
24-Jan-12,29.87
25-Jan-12,29.95
26-Jan-12,29.96
27-Jan-12,29.75
30-Jan-12,29.78
31-Jan-12,29.61
1-Feb-12,29.649
2-Feb-12,29.47
3-Feb-12,29.47
6-Feb-12,29.6
7-Feb-12,29.53
8-Feb-12,29.51
9-Feb-12,29.46
10-Feb-12,29.56
13-Feb-12,29.47
14-Feb-12,29.56
15-Feb-12,29.51
16-Feb-12,29.55
17-Feb-12,29.56
20-Feb-12,0.0
21-Feb-12,29.58
22-Feb-12,29.59
23-Feb-12,29.58
24-Feb-12,29.53
27-Feb-12,29.57
28-Feb-12,29.56
29-Feb-12,29.37
1-Mar-12,29.37
2-Mar-12,29.43
5-Mar-12,29.48
6-Mar-12,29.518
7-Mar-12,29.52
8-Mar-12,29.47
9-Mar-12,29.41
12-Mar-12,29.55
13-Mar-12,29.51
14-Mar-12,29.54
15-Mar-12,29.53
16-Mar-12,29.54
19-Mar-12,29.49
20-Mar-12,29.56
21-Mar-12,29.55
22-Mar-12,29.54
23-Mar-12,29.56
26-Mar-12,29.61
27-Mar-12,29.55
28-Mar-12,29.54
29-Mar-12,29.58
30-Mar-12,29.5
2-Apr-12,29.49
3-Apr-12,29.46
4-Apr-12,29.52
5-Apr-12,29.5
6-Apr-12,29.5
9-Apr-12,29.55
10-Apr-12,29.54
11-Apr-12,29.5
12-Apr-12,29.45
13-Apr-12,29.48
16-Apr-12,29.49
17-Apr-12,29.48
18-Apr-12,29.49
19-Apr-12,29.49
20-Apr-12,29.45
23-Apr-12,29.48
24-Apr-12,29.45
25-Apr-12,29.41
26-Apr-12,29.23
27-Apr-12,29.2
30-Apr-12,29.15
1-May-12,29.11
2-May-12,29.18
3-May-12,29.23
4-May-12,29.24
7-May-12,29.35
8-May-12,29.32
9-May-12,29.35
10-May-12,29.32
11-May-12,29.36
14-May-12,29.55
15-May-12,29.55
16-May-12,29.63
17-May-12,29.56
18-May-12,29.56
21-May-12,29.47
22-May-12,29.49
23-May-12,29.59
24-May-12,29.55
25-May-12,29.6
28-May-12,0.0
29-May-12,29.62
30-May-12,29.77
31-May-12,29.87
1-Jun-12,29.93
4-Jun-12,30.02
5-Jun-12,29.93
6-Jun-12,29.86
7-Jun-12,29.78
8-Jun-12,29.94
11-Jun-12,29.91
12-Jun-12,29.94
13-Jun-12,29.92
14-Jun-12,29.93
15-Jun-12,29.89
18-Jun-12,29.93
19-Jun-12,29.85
20-Jun-12,29.84
21-Jun-12,29.83
22-Jun-12,29.91
25-Jun-12,29.97
26-Jun-12,29.97
27-Jun-12,29.92
28-Jun-12,29.94
29-Jun-12,29.8
2-Jul-12,29.9
3-Jul-12,29.81
4-Jul-12,0.0
5-Jul-12,29.85
6-Jul-12,29.93
9-Jul-12,29.95
10-Jul-12,29.93
11-Jul-12,29.92
12-Jul-12,30.04
13-Jul-12,29.93
16-Jul-12,29.96
17-Jul-12,29.95
18-Jul-12,29.98
19-Jul-12,29.94
20-Jul-12,29.97
23-Jul-12,30.11
24-Jul-12,30.12
25-Jul-12,30.13
26-Jul-12,30.08
27-Jul-12,30.02
30-Jul-12,30.0
31-Jul-12,29.91
1-Aug-12,29.95
2-Aug-12,30.03
3-Aug-12,29.92
6-Aug-12,29.9
7-Aug-12,29.9
8-Aug-12,29.97
9-Aug-12,29.92
10-Aug-12,29.93
13-Aug-12,29.97
14-Aug-12,29.95
15-Aug-12,29.98
16-Aug-12,29.97
17-Aug-12,29.99
20-Aug-12,29.98
21-Aug-12,29.91
22-Aug-12,29.94
23-Aug-12,29.96
24-Aug-12,29.94
27-Aug-12,29.94
28-Aug-12,29.91
29-Aug-12,29.92
30-Aug-12,29.93
31-Aug-12,29.87
3-Sep-12,0.0
4-Sep-12,29.82
5-Sep-12,29.83
6-Sep-12,29.76
7-Sep-12,29.68
10-Sep-12,29.63
11-Sep-12,29.59
12-Sep-12,29.58
13-Sep-12,29.58
14-Sep-12,29.31
17-Sep-12,29.27
18-Sep-12,29.35
19-Sep-12,29.34
20-Sep-12,29.32
21-Sep-12,29.27
24-Sep-12,29.34
25-Sep-12,29.32
26-Sep-12,29.41
27-Sep-12,29.36
28-Sep-12,29.29
1-Oct-12,29.27
2-Oct-12,29.27
3-Oct-12,29.29
4-Oct-12,29.28
5-Oct-12,29.18
8-Oct-12,0.0
9-Oct-12,29.31
10-Oct-12,29.3
11-Oct-12,29.23
12-Oct-12,29.19
15-Oct-12,29.21
16-Oct-12,29.17
17-Oct-12,29.15
18-Oct-12,29.22
19-Oct-12,29.26
22-Oct-12,29.22
23-Oct-12,29.31
24-Oct-12,29.28
25-Oct-12,29.22
26-Oct-12,29.26
29-Oct-12,29.28
30-Oct-12,29.22
31-Oct-12,29.2
1-Nov-12,29.2
2-Nov-12,29.23
5-Nov-12,29.26
6-Nov-12,29.24
7-Nov-12,29.14
8-Nov-12,29.1
9-Nov-12,29.02
12-Nov-12,0.0
13-Nov-12,28.99
14-Nov-12,28.96
15-Nov-12,29.03
16-Nov-12,29.16
19-Nov-12,29.11
20-Nov-12,29.1
21-Nov-12,29.12
22-Nov-12,0.0
23-Nov-12,29.12
26-Nov-12,29.09
27-Nov-12,29.12
28-Nov-12,29.15
29-Nov-12,29.08
30-Nov-12,29.07
3-Dec-12,29.07
4-Dec-12,29.1
5-Dec-12,29.07
6-Dec-12,29.06
7-Dec-12,29.05
10-Dec-12,29.07
11-Dec-12,29.04
12-Dec-12,29.04
13-Dec-12,29.06
14-Dec-12,29.04
17-Dec-12,29.03
18-Dec-12,29.02
19-Dec-12,29.0
20-Dec-12,29.03
21-Dec-12,29.05
24-Dec-12,29.05
25-Dec-12,0.0
26-Dec-12,29.0
27-Dec-12,29.03
28-Dec-12,29.03
31-Dec-12,29.05
1-Jan-13,0.0
2-Jan-13,29.0
3-Jan-13,28.99
4-Jan-13,29.02
7-Jan-13,28.99
8-Jan-13,29.03
9-Jan-13,29.0
10-Jan-13,28.93
11-Jan-13,28.93
14-Jan-13,28.95
15-Jan-13,28.95
16-Jan-13,28.98
17-Jan-13,28.96
18-Jan-13,28.97
21-Jan-13,0.0
22-Jan-13,28.98
23-Jan-13,29.0
24-Jan-13,29.07
25-Jan-13,29.32
28-Jan-13,29.51
29-Jan-13,29.45
30-Jan-13,29.53
31-Jan-13,29.54
1-Feb-13,29.59
4-Feb-13,29.6
5-Feb-13,29.52
6-Feb-13,29.59
7-Feb-13,29.61
8-Feb-13,29.7
11-Feb-13,29.73
12-Feb-13,29.71
13-Feb-13,29.7
14-Feb-13,29.62
15-Feb-13,29.61
18-Feb-13,0.0
19-Feb-13,29.52
20-Feb-13,29.55
21-Feb-13,29.66
22-Feb-13,29.64
25-Feb-13,29.65
26-Feb-13,29.68
27-Feb-13,29.66
28-Feb-13,29.67
1-Mar-13,29.66
4-Mar-13,29.7
5-Mar-13,29.63
6-Mar-13,29.64
7-Mar-13,29.63
8-Mar-13,29.68
11-Mar-13,29.69
12-Mar-13,29.67
13-Mar-13,29.7
14-Mar-13,29.72
15-Mar-13,29.72
18-Mar-13,29.75
19-Mar-13,29.76
20-Mar-13,29.77
21-Mar-13,29.8
22-Mar-13,29.87
25-Mar-13,29.86
26-Mar-13,29.83
27-Mar-13,29.88
28-Mar-13,29.87
29-Mar-13,29.81
1-Apr-13,29.86
2-Apr-13,29.87
3-Apr-13,29.86
4-Apr-13,29.93
5-Apr-13,29.95
8-Apr-13,30.06
9-Apr-13,30.01
10-Apr-13,29.96
11-Apr-13,29.91
12-Apr-13,29.95
15-Apr-13,29.9
16-Apr-13,29.85
17-Apr-13,29.88
18-Apr-13,29.86
19-Apr-13,29.77
22-Apr-13,29.81
23-Apr-13,29.79
24-Apr-13,29.76
25-Apr-13,29.64
26-Apr-13,29.59
29-Apr-13,29.46
30-Apr-13,29.52
1-May-13,29.5
2-May-13,29.55
3-May-13,29.53
6-May-13,29.56
7-May-13,29.52
8-May-13,29.31
9-May-13,29.42
10-May-13,29.7
13-May-13,29.87
14-May-13,29.88
15-May-13,29.96
16-May-13,29.96
17-May-13,30.01
20-May-13,29.9
21-May-13,29.82
22-May-13,29.92
23-May-13,29.9
24-May-13,29.92
27-May-13,0.0
28-May-13,29.98
29-May-13,29.96
30-May-13,29.96
31-May-13,29.93
3-Jun-13,29.91
4-Jun-13,29.89
5-Jun-13,29.81
6-Jun-13,29.76
7-Jun-13,29.74
10-Jun-13,29.91
11-Jun-13,29.85
12-Jun-13,29.87
13-Jun-13,29.87
14-Jun-13,29.84
17-Jun-13,29.85
18-Jun-13,29.88
19-Jun-13,29.78
20-Jun-13,30.16
21-Jun-13,30.15
24-Jun-13,30.2
25-Jun-13,30.05
26-Jun-13,30.09
27-Jun-13,30.0
28-Jun-13,29.96
1-Jul-13,29.96
2-Jul-13,30.0
3-Jul-13,30.06
4-Jul-13,0.0
5-Jul-13,30.12
8-Jul-13,30.08
9-Jul-13,30.09
10-Jul-13,29.96
11-Jul-13,29.87
12-Jul-13,29.87
15-Jul-13,29.82
16-Jul-13,29.76
17-Jul-13,29.79
18-Jul-13,29.93
19-Jul-13,29.88
22-Jul-13,29.87
23-Jul-13,29.91
24-Jul-13,29.91
25-Jul-13,29.94
26-Jul-13,29.9
29-Jul-13,29.92
30-Jul-13,29.95
31-Jul-13,30.03
1-Aug-13,30.04
2-Aug-13,29.97
5-Aug-13,29.92
6-Aug-13,29.91
7-Aug-13,29.95
8-Aug-13,29.87
9-Aug-13,29.91
12-Aug-13,29.95
13-Aug-13,29.98
14-Aug-13,29.97
15-Aug-13,29.98
16-Aug-13,29.88
19-Aug-13,29.96
20-Aug-13,29.9
21-Aug-13,29.94
22-Aug-13,29.95
23-Aug-13,29.89
26-Aug-13,29.95
27-Aug-13,29.99
28-Aug-13,29.94
29-Aug-13,29.93
30-Aug-13,29.93
2-Sep-13,0.0
3-Sep-13,29.78
4-Sep-13,29.69
5-Sep-13,29.81
6-Sep-13,29.72
9-Sep-13,29.63
10-Sep-13,29.62
11-Sep-13,29.64
12-Sep-13,29.66
13-Sep-13,29.68
16-Sep-13,29.58
17-Sep-13,29.62
18-Sep-13,29.62
19-Sep-13,29.51
20-Sep-13,29.56
23-Sep-13,29.55
24-Sep-13,29.57
25-Sep-13,29.55
26-Sep-13,29.56
27-Sep-13,29.54
30-Sep-13,29.56
1-Oct-13,29.49
2-Oct-13,29.44
3-Oct-13,29.32
4-Oct-13,29.32
7-Oct-13,29.34
8-Oct-13,29.35
9-Oct-13,29.38
10-Oct-13,29.37
11-Oct-13,29.33
14-Oct-13,0.0
15-Oct-13,29.34
16-Oct-13,29.4
17-Oct-13,29.35
18-Oct-13,29.36
21-Oct-13,29.43
22-Oct-13,29.33
23-Oct-13,29.41
24-Oct-13,29.37
25-Oct-13,29.38
28-Oct-13,29.39
29-Oct-13,29.39
30-Oct-13,29.38
31-Oct-13,29.42
1-Nov-13,29.41
4-Nov-13,29.37
5-Nov-13,29.42
6-Nov-13,29.4
7-Nov-13,29.45
8-Nov-13,29.51
11-Nov-13,0.0
12-Nov-13,29.58
13-Nov-13,29.6
14-Nov-13,29.56
15-Nov-13,29.55
18-Nov-13,29.47
19-Nov-13,29.43
20-Nov-13,29.5
21-Nov-13,29.57
22-Nov-13,29.58
25-Nov-13,29.6
26-Nov-13,29.6
27-Nov-13,29.65
28-Nov-13,0.0
29-Nov-13,29.59
2-Dec-13,29.59
3-Dec-13,29.55
4-Dec-13,29.57
5-Dec-13,29.61
6-Dec-13,29.57
9-Dec-13,29.53
10-Dec-13,29.54
11-Dec-13,29.59
12-Dec-13,29.62
13-Dec-13,29.62
16-Dec-13,29.63
17-Dec-13,29.62
18-Dec-13,29.68
19-Dec-13,29.93
20-Dec-13,29.88
23-Dec-13,29.96
24-Dec-13,30.03
25-Dec-13,0.0
26-Dec-13,29.99
27-Dec-13,29.98
30-Dec-13,29.87
31-Dec-13,29.83
1-Jan-14,0.0
2-Jan-14,29.9
3-Jan-14,29.94
6-Jan-14,30.04
7-Jan-14,30.11
8-Jan-14,30.1
9-Jan-14,30.04
10-Jan-14,29.99
13-Jan-14,29.98
14-Jan-14,30.03
15-Jan-14,30.12
16-Jan-14,30.07
17-Jan-14,30.11
20-Jan-14,0.0
21-Jan-14,30.22
22-Jan-14,30.23
23-Jan-14,30.2
24-Jan-14,30.23
27-Jan-14,30.31
28-Jan-14,30.31
29-Jan-14,30.31
30-Jan-14,30.3
31-Jan-14,30.31
3-Feb-14,30.33
4-Feb-14,30.29
5-Feb-14,30.34
6-Feb-14,30.28
7-Feb-14,30.29
10-Feb-14,30.32
11-Feb-14,30.29
12-Feb-14,30.27
13-Feb-14,30.32
14-Feb-14,30.25
17-Feb-14,0.0
18-Feb-14,30.28
19-Feb-14,30.29
20-Feb-14,30.37
21-Feb-14,30.35
24-Feb-14,30.35
25-Feb-14,30.33
26-Feb-14,30.29
27-Feb-14,30.29
28-Feb-14,30.29
3-Mar-14,30.31
4-Mar-14,30.28
5-Mar-14,30.26
6-Mar-14,30.25
7-Mar-14,30.24
10-Mar-14,30.31
11-Mar-14,30.31
12-Mar-14,30.32
13-Mar-14,30.32
14-Mar-14,30.34
17-Mar-14,30.31
18-Mar-14,30.44
19-Mar-14,30.45
20-Mar-14,30.65
21-Mar-14,30.56
24-Mar-14,30.57
25-Mar-14,30.52
26-Mar-14,30.52
27-Mar-14,30.52
28-Mar-14,30.46
31-Mar-14,30.45
1-Apr-14,30.28
2-Apr-14,30.29
3-Apr-14,30.28
4-Apr-14,30.2
7-Apr-14,30.23
8-Apr-14,30.11
9-Apr-14,30.04
10-Apr-14,29.99
11-Apr-14,30.08
14-Apr-14,30.18
15-Apr-14,30.2
16-Apr-14,30.13
17-Apr-14,30.14
18-Apr-14,30.17
21-Apr-14,30.23
22-Apr-14,30.3
23-Apr-14,30.31
24-Apr-14,30.28
25-Apr-14,30.29
28-Apr-14,30.22
29-Apr-14,30.13
30-Apr-14,30.16
1-May-14,30.17
2-May-14,30.17
5-May-14,30.09
6-May-14,30.07
7-May-14,30.09
8-May-14,30.08
9-May-14,30.12
12-May-14,30.15
13-May-14,30.2
14-May-14,30.15
15-May-14,30.17
16-May-14,30.13
19-May-14,30.14
20-May-14,30.16
21-May-14,30.17
22-May-14,30.12
23-May-14,30.09
26-May-14,0.0
27-May-14,30.11
28-May-14,30.09
29-May-14,29.97
30-May-14,30.01
2-Jun-14,30.07
3-Jun-14,30.08
4-Jun-14,30.05
5-Jun-14,30.03
6-Jun-14,29.99
9-Jun-14,30.0
10-Jun-14,29.99
11-Jun-14,29.99
12-Jun-14,29.97
13-Jun-14,30.0
16-Jun-14,30.01
17-Jun-14,30.07
18-Jun-14,30.0
19-Jun-14,29.99
20-Jun-14,30.01
23-Jun-14,29.99
24-Jun-14,29.94
25-Jun-14,29.96
26-Jun-14,29.91
27-Jun-14,29.87
30-Jun-14,29.87
1-Jul-14,29.88
2-Jul-14,29.87
3-Jul-14,29.85
4-Jul-14,0.0
7-Jul-14,29.91
8-Jul-14,29.91
9-Jul-14,29.88
10-Jul-14,29.93
11-Jul-14,29.94
14-Jul-14,29.94
15-Jul-14,30.02
16-Jul-14,29.99
17-Jul-14,30.0
18-Jul-14,30.0
21-Jul-14,29.97
22-Jul-14,29.98
23-Jul-14,29.94
24-Jul-14,29.95
25-Jul-14,29.96
28-Jul-14,29.96
29-Jul-14,29.95
30-Jul-14,29.99
31-Jul-14,30.06
1-Aug-14,30.0
4-Aug-14,29.99
5-Aug-14,30.0
6-Aug-14,30.01
7-Aug-14,30.02
8-Aug-14,29.99
11-Aug-14,30.02
12-Aug-14,30.02
13-Aug-14,30.0
14-Aug-14,29.96
15-Aug-14,29.95
18-Aug-14,29.98
19-Aug-14,29.99
20-Aug-14,29.98
21-Aug-14,29.99
22-Aug-14,29.97
25-Aug-14,29.96
26-Aug-14,29.96
27-Aug-14,29.87
28-Aug-14,29.89
29-Aug-14,29.88
1-Sep-14,0.0
2-Sep-14,29.94
3-Sep-14,29.89
4-Sep-14,29.91
5-Sep-14,29.9
8-Sep-14,29.93
9-Sep-14,29.97
10-Sep-14,30.0
11-Sep-14,30.02
12-Sep-14,30.04
15-Sep-14,30.14
16-Sep-14,30.13
17-Sep-14,30.16
18-Sep-14,30.23
19-Sep-14,30.21
22-Sep-14,30.27
23-Sep-14,30.22
24-Sep-14,30.22
25-Sep-14,30.32
26-Sep-14,30.34
29-Sep-14,30.47
30-Sep-14,30.44
1-Oct-14,30.43
2-Oct-14,30.43
3-Oct-14,30.49
6-Oct-14,30.42
7-Oct-14,30.38
8-Oct-14,30.43
9-Oct-14,30.37
10-Oct-14,30.38
13-Oct-14,0.0
14-Oct-14,30.45
15-Oct-14,30.35
16-Oct-14,30.38
17-Oct-14,30.38
20-Oct-14,30.36
21-Oct-14,30.38
22-Oct-14,30.39
23-Oct-14,30.42
24-Oct-14,30.39
27-Oct-14,30.38
28-Oct-14,30.36
29-Oct-14,30.31
30-Oct-14,30.39
31-Oct-14,30.45
3-Nov-14,30.48
4-Nov-14,30.51
5-Nov-14,30.59
6-Nov-14,30.56
7-Nov-14,30.58
10-Nov-14,30.55
11-Nov-14,0.0
12-Nov-14,30.58
13-Nov-14,30.61
14-Nov-14,30.76
17-Nov-14,30.7
18-Nov-14,30.73
19-Nov-14,30.9
20-Nov-14,30.89
21-Nov-14,30.89
24-Nov-14,30.97
25-Nov-14,30.93
26-Nov-14,30.88
27-Nov-14,0.0
28-Nov-14,30.99
1-Dec-14,31.03
2-Dec-14,31.1
3-Dec-14,31.11
4-Dec-14,31.09
5-Dec-14,31.22
8-Dec-14,31.12
9-Dec-14,31.12
10-Dec-14,31.2
11-Dec-14,31.21
12-Dec-14,31.32
15-Dec-14,31.27
16-Dec-14,31.25
17-Dec-14,31.32
18-Dec-14,31.43
19-Dec-14,31.5
22-Dec-14,31.56
23-Dec-14,31.75
24-Dec-14,31.8
25-Dec-14,0.0
26-Dec-14,0.0
29-Dec-14,31.75
30-Dec-14,31.64
31-Dec-14,31.6
1-Jan-15,0.0
2-Jan-15,31.74
5-Jan-15,32.0
6-Jan-15,31.98
7-Jan-15,31.99
8-Jan-15,31.99
9-Jan-15,31.89
12-Jan-15,31.88
13-Jan-15,31.84
14-Jan-15,31.78
15-Jan-15,31.65
16-Jan-15,31.46
19-Jan-15,0.0
20-Jan-15,31.66
21-Jan-15,31.47
22-Jan-15,31.35
23-Jan-15,31.23
26-Jan-15,31.31
27-Jan-15,31.06
28-Jan-15,31.18
29-Jan-15,31.56
30-Jan-15,31.75
2-Feb-15,31.62
3-Feb-15,31.5
4-Feb-15,31.46
5-Feb-15,31.49
6-Feb-15,31.58
9-Feb-15,31.59
10-Feb-15,31.56
11-Feb-15,31.62
12-Feb-15,31.31
13-Feb-15,31.34
16-Feb-15,0.0
17-Feb-15,31.6
18-Feb-15,31.67
19-Feb-15,31.74
20-Feb-15,31.76
23-Feb-15,31.75
24-Feb-15,31.65
25-Feb-15,31.43
26-Feb-15,31.41
27-Feb-15,31.44
2-Mar-15,31.4
3-Mar-15,31.35
4-Mar-15,31.42
5-Mar-15,31.44
6-Mar-15,31.59
9-Mar-15,31.52
10-Mar-15,31.66
11-Mar-15,31.71
12-Mar-15,31.58
13-Mar-15,31.71
16-Mar-15,31.63
17-Mar-15,31.58
18-Mar-15,31.48
19-Mar-15,31.48
20-Mar-15,31.41
23-Mar-15,31.28
24-Mar-15,31.24
25-Mar-15,31.24
26-Mar-15,31.21
27-Mar-15,31.19
30-Mar-15,31.28
31-Mar-15,31.24
1-Apr-15,31.24
2-Apr-15,31.05
3-Apr-15,30.87
6-Apr-15,30.88
7-Apr-15,31.06
8-Apr-15,31.08
9-Apr-15,31.24
10-Apr-15,31.23
13-Apr-15,31.33
14-Apr-15,31.21
15-Apr-15,31.23
16-Apr-15,31.1
17-Apr-15,31.05
20-Apr-15,31.07
21-Apr-15,31.08
22-Apr-15,31.06
23-Apr-15,31.03
24-Apr-15,30.68
27-Apr-15,30.44
28-Apr-15,30.42
29-Apr-15,30.37
30-Apr-15,30.64
1-May-15,30.7
4-May-15,30.71
5-May-15,30.63
6-May-15,30.6
7-May-15,30.78
8-May-15,30.68
11-May-15,30.79
12-May-15,30.73
13-May-15,30.64
14-May-15,30.55
15-May-15,30.42
18-May-15,30.47
19-May-15,30.5
20-May-15,30.54
21-May-15,30.43
22-May-15,30.43
25-May-15,0.0
26-May-15,30.65
27-May-15,30.66
28-May-15,30.65
29-May-15,30.81
1-Jun-15,30.87
2-Jun-15,30.82
3-Jun-15,30.76
4-Jun-15,30.9
5-Jun-15,31.05
8-Jun-15,31.13
9-Jun-15,31.09
10-Jun-15,30.86
11-Jun-15,30.94
12-Jun-15,30.93
15-Jun-15,30.91
16-Jun-15,30.88
17-Jun-15,30.97
18-Jun-15,30.68
19-Jun-15,30.7
22-Jun-15,30.72
23-Jun-15,30.87
24-Jun-15,30.98
25-Jun-15,30.93
26-Jun-15,31.01
29-Jun-15,30.88
30-Jun-15,30.88
1-Jul-15,30.93
2-Jul-15,30.84
3-Jul-15,0.0
6-Jul-15,30.91
7-Jul-15,31.08
8-Jul-15,31.01
9-Jul-15,31.04
10-Jul-15,31.03
13-Jul-15,31.06
14-Jul-15,31.03
15-Jul-15,31.08
16-Jul-15,31.07
17-Jul-15,31.11
20-Jul-15,31.24
21-Jul-15,31.17
22-Jul-15,31.23
23-Jul-15,31.26
24-Jul-15,31.5
27-Jul-15,31.59
28-Jul-15,31.42
29-Jul-15,31.42
30-Jul-15,31.59
31-Jul-15,31.59
3-Aug-15,31.7
4-Aug-15,31.63
5-Aug-15,31.7
6-Aug-15,31.64
7-Aug-15,31.65
10-Aug-15,31.63
11-Aug-15,32.16
12-Aug-15,32.12
13-Aug-15,32.17
14-Aug-15,32.15
17-Aug-15,32.42
18-Aug-15,32.46
19-Aug-15,32.49
20-Aug-15,32.57
21-Aug-15,32.63
24-Aug-15,33.0
25-Aug-15,32.53
26-Aug-15,32.48
27-Aug-15,32.16
28-Aug-15,32.24
31-Aug-15,32.49
1-Sep-15,32.42
2-Sep-15,32.47
3-Sep-15,32.49
4-Sep-15,32.65
7-Sep-15,0.0
8-Sep-15,32.64
9-Sep-15,32.46
10-Sep-15,32.37
11-Sep-15,32.53
14-Sep-15,32.5
15-Sep-15,32.48
16-Sep-15,32.43
17-Sep-15,32.4
18-Sep-15,32.31
21-Sep-15,32.63
22-Sep-15,32.92
23-Sep-15,32.96
24-Sep-15,33.16
25-Sep-15,33.07
28-Sep-15,33.17
29-Sep-15,33.02
30-Sep-15,32.98
1-Oct-15,32.81
2-Oct-15,32.79
5-Oct-15,32.47
6-Oct-15,32.55
7-Oct-15,32.4
8-Oct-15,32.48
9-Oct-15,32.3
12-Oct-15,0.0
13-Oct-15,32.51
14-Oct-15,32.42
15-Oct-15,31.92
16-Oct-15,32.21
19-Oct-15,32.38
20-Oct-15,32.32
21-Oct-15,32.5
22-Oct-15,32.43
23-Oct-15,32.49
26-Oct-15,32.34
27-Oct-15,32.42
28-Oct-15,32.45
29-Oct-15,32.52
30-Oct-15,32.46
2-Nov-15,32.46
3-Nov-15,32.46
4-Nov-15,32.43
5-Nov-15,32.46
6-Nov-15,32.46
9-Nov-15,32.79
10-Nov-15,32.77
11-Nov-15,0.0
12-Nov-15,32.72
13-Nov-15,32.87
16-Nov-15,32.83
17-Nov-15,32.77
18-Nov-15,32.73
19-Nov-15,32.48
20-Nov-15,32.49
23-Nov-15,32.62
24-Nov-15,32.53
25-Nov-15,32.47
26-Nov-15,0.0
27-Nov-15,32.69
30-Nov-15,32.53
1-Dec-15,32.53
2-Dec-15,32.53
3-Dec-15,32.53
4-Dec-15,32.53
7-Dec-15,32.89
8-Dec-15,32.94
9-Dec-15,32.9
10-Dec-15,32.74
11-Dec-15,33.01
14-Dec-15,32.9
15-Dec-15,32.75
16-Dec-15,32.7
17-Dec-15,33.0
18-Dec-15,32.85
21-Dec-15,32.87
22-Dec-15,32.79
23-Dec-15,32.82
24-Dec-15,32.77
25-Dec-15,0.0
28-Dec-15,32.79
29-Dec-15,32.79
30-Dec-15,32.97
31-Dec-15,32.79
1-Jan-16,0.0
4-Jan-16,33.15
5-Jan-16,33.14
6-Jan-16,33.27
7-Jan-16,33.2
8-Jan-16,33.34
11-Jan-16,33.38
12-Jan-16,33.41
13-Jan-16,33.41
14-Jan-16,33.49
15-Jan-16,33.61
18-Jan-16,0.0
19-Jan-16,33.57
20-Jan-16,33.74
21-Jan-16,33.56
22-Jan-16,33.49
25-Jan-16,33.5
26-Jan-16,33.46
27-Jan-16,33.55
28-Jan-16,33.53
29-Jan-16,33.43
1-Feb-16,33.41
2-Feb-16,33.51
3-Feb-16,33.42
4-Feb-16,33.0
5-Feb-16,33.37
8-Feb-16,33.41
9-Feb-16,33.23
10-Feb-16,33.0
11-Feb-16,32.95
12-Feb-16,33.04
15-Feb-16,0.0
16-Feb-16,33.21
17-Feb-16,33.25
18-Feb-16,33.26
19-Feb-16,33.3
22-Feb-16,33.15
23-Feb-16,33.26
24-Feb-16,33.3
25-Feb-16,33.19
26-Feb-16,33.29
29-Feb-16,33.22
1-Mar-16,33.04
2-Mar-16,33.09
3-Mar-16,32.92
4-Mar-16,32.49
7-Mar-16,32.54
8-Mar-16,32.76
9-Mar-16,32.75
10-Mar-16,32.87
11-Mar-16,32.58
14-Mar-16,32.68
15-Mar-16,32.86
16-Mar-16,32.77
17-Mar-16,32.24
18-Mar-16,32.3
21-Mar-16,32.33
22-Mar-16,32.34
23-Mar-16,32.49
24-Mar-16,32.5
25-Mar-16,32.49
28-Mar-16,32.56
29-Mar-16,32.57
30-Mar-16,32.16
31-Mar-16,32.18
1-Apr-16,32.26
4-Apr-16,32.38
5-Apr-16,32.44
6-Apr-16,32.38
7-Apr-16,32.4
8-Apr-16,32.4
11-Apr-16,32.33
12-Apr-16,32.33
13-Apr-16,32.35
14-Apr-16,32.41
15-Apr-16,32.32
18-Apr-16,32.32
19-Apr-16,32.11
20-Apr-16,32.18
21-Apr-16,32.27
22-Apr-16,32.36
25-Apr-16,32.34
26-Apr-16,32.27
27-Apr-16,32.36
28-Apr-16,32.23
29-Apr-16,32.28
2-May-16,32.22
3-May-16,32.32
4-May-16,32.39
5-May-16,32.4
6-May-16,32.38
9-May-16,32.54
10-May-16,32.54
11-May-16,32.49
12-May-16,32.59
13-May-16,32.66
16-May-16,32.65
17-May-16,32.56
18-May-16,32.76
19-May-16,32.75
20-May-16,32.69
23-May-16,32.58
24-May-16,32.64
25-May-16,32.55
26-May-16,32.49
27-May-16,32.54
30-May-16,0.0
31-May-16,32.58
1-Jun-16,32.62
2-Jun-16,32.6
3-Jun-16,32.28
6-Jun-16,32.25
7-Jun-16,32.16
8-Jun-16,32.13
9-Jun-16,32.27
10-Jun-16,32.29
13-Jun-16,32.37
14-Jun-16,32.39
15-Jun-16,32.31
16-Jun-16,32.37
17-Jun-16,32.34
20-Jun-16,32.22
21-Jun-16,32.15
22-Jun-16,32.07
23-Jun-16,31.99
24-Jun-16,32.36
27-Jun-16,32.53
28-Jun-16,32.41
29-Jun-16,32.27
30-Jun-16,32.22
1-Jul-16,32.2
4-Jul-16,0.0
5-Jul-16,32.33
6-Jul-16,32.36
7-Jul-16,32.32
8-Jul-16,32.23
11-Jul-16,32.21
12-Jul-16,32.13
13-Jul-16,32.16
14-Jul-16,31.94
15-Jul-16,31.92
18-Jul-16,31.93
19-Jul-16,32.06
20-Jul-16,32.07
21-Jul-16,31.98
22-Jul-16,32.03
25-Jul-16,32.2
26-Jul-16,32.11
27-Jul-16,32.06
28-Jul-16,31.96
29-Jul-16,31.82
1-Aug-16,31.55
2-Aug-16,31.57
3-Aug-16,31.66
4-Aug-16,31.62
5-Aug-16,31.54
8-Aug-16,31.45
9-Aug-16,31.28
10-Aug-16,31.05
11-Aug-16,31.25
12-Aug-16,31.38
15-Aug-16,31.31
16-Aug-16,31.26
17-Aug-16,31.53
18-Aug-16,31.4
19-Aug-16,31.64
22-Aug-16,31.8
23-Aug-16,31.78
24-Aug-16,31.79
25-Aug-16,31.68
26-Aug-16,31.64
29-Aug-16,31.7
30-Aug-16,31.74
31-Aug-16,31.74
1-Sep-16,31.72
2-Sep-16,31.66
5-Sep-16,0.0
6-Sep-16,31.18
7-Sep-16,31.24
8-Sep-16,31.32
9-Sep-16,31.58
12-Sep-16,31.7
13-Sep-16,31.77
14-Sep-16,31.68
15-Sep-16,31.68
16-Sep-16,31.7
19-Sep-16,31.37
20-Sep-16,31.31
21-Sep-16,31.28
22-Sep-16,31.3
23-Sep-16,31.34
26-Sep-16,31.41
27-Sep-16,31.37
28-Sep-16,31.35
29-Sep-16,31.35
30-Sep-16,31.27
3-Oct-16,31.36
4-Oct-16,31.43
5-Oct-16,31.45
6-Oct-16,31.5
7-Oct-16,31.47
10-Oct-16,0.0
11-Oct-16,31.64
12-Oct-16,31.63
13-Oct-16,31.74
14-Oct-16,31.76
17-Oct-16,31.79
18-Oct-16,31.53
19-Oct-16,31.44
20-Oct-16,31.58
21-Oct-16,31.75
24-Oct-16,31.68
25-Oct-16,31.53
26-Oct-16,31.59
27-Oct-16,31.7
28-Oct-16,31.61
31-Oct-16,31.54
1-Nov-16,31.54
2-Nov-16,31.52
3-Nov-16,31.54
4-Nov-16,31.54
7-Nov-16,31.45
8-Nov-16,31.41
9-Nov-16,31.53
10-Nov-16,31.77
11-Nov-16,0.0
14-Nov-16,31.99
15-Nov-16,31.83
16-Nov-16,31.85
17-Nov-16,31.93
18-Nov-16,32.01
21-Nov-16,31.89
22-Nov-16,31.85
23-Nov-16,31.99
24-Nov-16,0.0
25-Nov-16,31.85
28-Nov-16,31.76
29-Nov-16,31.82
30-Nov-16,31.92
1-Dec-16,31.93
2-Dec-16,31.88
5-Dec-16,32.01
6-Dec-16,31.92
7-Dec-16,31.72
8-Dec-16,31.73
9-Dec-16,31.8
12-Dec-16,31.77
13-Dec-16,31.77
14-Dec-16,31.73
15-Dec-16,32.0
16-Dec-16,31.94
19-Dec-16,31.98
20-Dec-16,32.06
21-Dec-16,32.05
22-Dec-16,32.19
23-Dec-16,32.18
26-Dec-16,0.0
27-Dec-16,32.27
28-Dec-16,32.42
29-Dec-16,32.26
30-Dec-16,32.4
2-Jan-17,0.0
3-Jan-17,32.37
4-Jan-17,32.16
5-Jan-17,31.78
6-Jan-17,32.0
9-Jan-17,32.02
10-Jan-17,31.92
11-Jan-17,31.9
12-Jan-17,31.49
13-Jan-17,31.6
16-Jan-17,0.0
17-Jan-17,31.38
18-Jan-17,31.53
19-Jan-17,31.6
20-Jan-17,0.0
23-Jan-17,31.41
24-Jan-17,31.31
25-Jan-17,31.31
26-Jan-17,31.42
27-Jan-17,31.5
30-Jan-17,31.38
31-Jan-17,31.19
1-Feb-17,31.17
2-Feb-17,31.0
3-Feb-17,30.79
6-Feb-17,30.89
7-Feb-17,31.06
8-Feb-17,31.03
9-Feb-17,31.06
10-Feb-17,30.94
13-Feb-17,30.96
14-Feb-17,30.78
15-Feb-17,30.73
16-Feb-17,30.75
17-Feb-17,30.9
20-Feb-17,0.0
21-Feb-17,30.8
22-Feb-17,30.77
23-Feb-17,30.61
24-Feb-17,30.64
27-Feb-17,30.72
28-Feb-17,30.64
1-Mar-17,30.76
2-Mar-17,30.88
3-Mar-17,31.03
6-Mar-17,30.95
7-Mar-17,30.92
8-Mar-17,30.93
9-Mar-17,31.01
10-Mar-17,30.99
13-Mar-17,30.99
14-Mar-17,30.94
15-Mar-17,30.83
16-Mar-17,30.94
17-Mar-17,30.52
20-Mar-17,30.38
21-Mar-17,30.43
22-Mar-17,30.45
23-Mar-17,30.46
24-Mar-17,30.32
27-Mar-17,30.14
28-Mar-17,30.17
29-Mar-17,30.21
30-Mar-17,30.29
31-Mar-17,30.38
3-Apr-17,30.33
4-Apr-17,30.47
5-Apr-17,30.4
6-Apr-17,30.51
7-Apr-17,30.56
10-Apr-17,30.57
11-Apr-17,30.63
12-Apr-17,30.55
13-Apr-17,30.32
14-Apr-17,30.31
17-Apr-17,30.32
18-Apr-17,30.39
19-Apr-17,30.4
20-Apr-17,30.37
21-Apr-17,30.34
24-Apr-17,30.23
25-Apr-17,30.06
26-Apr-17,30.1
27-Apr-17,30.12
28-Apr-17,30.19
1-May-17,30.16
2-May-17,30.02
3-May-17,30.05
4-May-17,30.12
5-May-17,30.18
8-May-17,30.13
9-May-17,30.24
10-May-17,30.2
11-May-17,30.18
12-May-17,30.15
15-May-17,30.04
16-May-17,30.09
17-May-17,30.1
18-May-17,30.3
19-May-17,30.02
22-May-17,30.01
23-May-17,30.16
24-May-17,30.15
25-May-17,30.08
26-May-17,30.18
29-May-17,0.0
30-May-17,30.15
31-May-17,30.11
1-Jun-17,30.09
2-Jun-17,30.09
5-Jun-17,30.07
6-Jun-17,30.09
7-Jun-17,30.09
8-Jun-17,30.11
9-Jun-17,30.12
12-Jun-17,30.22
13-Jun-17,30.23
14-Jun-17,30.08
15-Jun-17,30.35
16-Jun-17,30.31
19-Jun-17,30.37
20-Jun-17,30.45
21-Jun-17,30.44
22-Jun-17,30.44
23-Jun-17,30.29
26-Jun-17,30.3
27-Jun-17,30.32
28-Jun-17,30.41
29-Jun-17,30.46
30-Jun-17,30.38
3-Jul-17,30.49
4-Jul-17,0.0
5-Jul-17,30.56
6-Jul-17,30.61
7-Jul-17,30.56
10-Jul-17,30.56
11-Jul-17,30.53
12-Jul-17,30.38
13-Jul-17,30.36
14-Jul-17,30.26
17-Jul-17,30.37
18-Jul-17,30.34
19-Jul-17,30.37
20-Jul-17,30.38
21-Jul-17,30.41
24-Jul-17,30.34
25-Jul-17,30.32
26-Jul-17,30.36
27-Jul-17,30.18
28-Jul-17,30.26
31-Jul-17,30.2
1-Aug-17,30.24
2-Aug-17,30.22
3-Aug-17,30.19
4-Aug-17,30.18
7-Aug-17,30.21
8-Aug-17,30.18
9-Aug-17,30.24
10-Aug-17,30.34
11-Aug-17,30.35
14-Aug-17,30.28
15-Aug-17,30.32
16-Aug-17,30.32
17-Aug-17,30.32
18-Aug-17,30.33
21-Aug-17,30.31
22-Aug-17,30.28
23-Aug-17,30.26
24-Aug-17,30.24
25-Aug-17,30.09
28-Aug-17,30.13
29-Aug-17,30.07
30-Aug-17,30.13
31-Aug-17,30.13
1-Sep-17,30.06
4-Sep-17,0.0
5-Sep-17,30.05
6-Sep-17,30.08
7-Sep-17,29.93
8-Sep-17,30.05
11-Sep-17,30.01
12-Sep-17,30.04
13-Sep-17,30.05
14-Sep-17,30.1
15-Sep-17,30.06
18-Sep-17,30.14
19-Sep-17,30.12
20-Sep-17,30.08
21-Sep-17,30.19
22-Sep-17,30.16
25-Sep-17,30.25
26-Sep-17,30.23
27-Sep-17,30.31
28-Sep-17,30.37
29-Sep-17,30.33
2-Oct-17,30.38
3-Oct-17,30.44
4-Oct-17,30.43
5-Oct-17,30.33
6-Oct-17,30.36
9-Oct-17,0.0
10-Oct-17,30.28
11-Oct-17,30.23
12-Oct-17,30.17
13-Oct-17,30.13
16-Oct-17,30.14
17-Oct-17,30.18
18-Oct-17,30.2
19-Oct-17,30.23
20-Oct-17,30.22
23-Oct-17,30.25
24-Oct-17,30.28
25-Oct-17,30.24
26-Oct-17,30.22
27-Oct-17,30.23
30-Oct-17,30.23
31-Oct-17,30.12
1-Nov-17,30.13
2-Nov-17,30.19
3-Nov-17,30.21
6-Nov-17,30.16
7-Nov-17,30.19
8-Nov-17,30.15
9-Nov-17,30.2
10-Nov-17,0.0
13-Nov-17,30.18
14-Nov-17,30.13
15-Nov-17,30.06
16-Nov-17,30.05
17-Nov-17,30.05
20-Nov-17,30.05
21-Nov-17,29.97
22-Nov-17,29.97
23-Nov-17,0.0
24-Nov-17,29.98
27-Nov-17,30.02
28-Nov-17,29.98
29-Nov-17,30.02
30-Nov-17,29.98
1-Dec-17,30.02
4-Dec-17,29.98
5-Dec-17,30.03
6-Dec-17,30.04
7-Dec-17,30.03
8-Dec-17,30.02
11-Dec-17,30.02
12-Dec-17,30.05
13-Dec-17,30.01
14-Dec-17,30.0
15-Dec-17,29.95
18-Dec-17,29.95
19-Dec-17,29.95
20-Dec-17,29.96
21-Dec-17,29.93
22-Dec-17,29.89
25-Dec-17,0.0
26-Dec-17,29.89
27-Dec-17,29.95
28-Dec-17,29.78
29-Dec-17,29.64
1-Jan-18,0.0
2-Jan-18,29.58
3-Jan-18,29.57
4-Jan-18,29.6
5-Jan-18,29.47
8-Jan-18,29.52
9-Jan-18,29.61
10-Jan-18,29.58
11-Jan-18,29.58
12-Jan-18,29.6
15-Jan-18,0.0
16-Jan-18,29.57
17-Jan-18,29.57
18-Jan-18,29.48
19-Jan-18,29.31
22-Jan-18,29.25
23-Jan-18,29.23
24-Jan-18,29.11
25-Jan-18,29.05
26-Jan-18,29.12
29-Jan-18,29.19
30-Jan-18,29.26
31-Jan-18,29.16
1-Feb-18,29.21
2-Feb-18,29.32
5-Feb-18,29.32
6-Feb-18,29.27
7-Feb-18,29.24
8-Feb-18,29.42
9-Feb-18,29.35
12-Feb-18,29.34
13-Feb-18,29.29
14-Feb-18,29.13
15-Feb-18,29.03
16-Feb-18,29.08
19-Feb-18,0.0
20-Feb-18,29.13
21-Feb-18,29.19
22-Feb-18,29.25
23-Feb-18,29.27
26-Feb-18,29.22
27-Feb-18,29.29
28-Feb-18,29.32
1-Mar-18,29.31
2-Mar-18,29.29
5-Mar-18,29.27
6-Mar-18,29.21
7-Mar-18,29.29
8-Mar-18,29.35
9-Mar-18,29.24
12-Mar-18,29.25
13-Mar-18,29.22
14-Mar-18,29.23
15-Mar-18,29.15
16-Mar-18,29.13
19-Mar-18,29.17
20-Mar-18,29.16
21-Mar-18,29.16
22-Mar-18,29.19
23-Mar-18,29.18
26-Mar-18,29.1
27-Mar-18,29.13
28-Mar-18,29.12
29-Mar-18,29.13
30-Mar-18,29.1
2-Apr-18,29.14
3-Apr-18,29.16
4-Apr-18,29.23
5-Apr-18,29.24
6-Apr-18,29.29
9-Apr-18,29.24
10-Apr-18,29.2
11-Apr-18,29.2
12-Apr-18,29.31
13-Apr-18,29.32
16-Apr-18,29.35
17-Apr-18,29.36
18-Apr-18,29.31
19-Apr-18,29.39
20-Apr-18,29.48
23-Apr-18,29.58
24-Apr-18,29.57
25-Apr-18,29.72
26-Apr-18,29.68
27-Apr-18,29.54
30-Apr-18,29.6
1-May-18,29.68
2-May-18,29.76
3-May-18,29.71
4-May-18,29.7
7-May-18,29.82
8-May-18,29.8
9-May-18,29.92
10-May-18,29.75
11-May-18,29.77
14-May-18,29.77
15-May-18,29.89
16-May-18,29.87
17-May-18,29.93
18-May-18,29.95
21-May-18,29.98
22-May-18,29.84
23-May-18,29.98
24-May-18,29.97
25-May-18,29.94
28-May-18,0.0
29-May-18,30.09
30-May-18,29.97
31-May-18,29.99
1-Jun-18,29.82
4-Jun-18,29.77
5-Jun-18,29.84
6-Jun-18,29.7
7-Jun-18,29.75
8-Jun-18,29.87
11-Jun-18,29.82
12-Jun-18,29.83
13-Jun-18,29.82
14-Jun-18,29.91
15-Jun-18,30.13
18-Jun-18,30.18
19-Jun-18,30.16
20-Jun-18,30.18
21-Jun-18,30.33
22-Jun-18,30.35
25-Jun-18,30.39
26-Jun-18,30.41
27-Jun-18,30.51
28-Jun-18,30.58
29-Jun-18,30.43
2-Jul-18,30.56
3-Jul-18,30.52
4-Jul-18,0.0
5-Jul-18,30.53
6-Jul-18,30.46
9-Jul-18,30.36
10-Jul-18,30.38
11-Jul-18,30.56
12-Jul-18,30.46
13-Jul-18,30.58
16-Jul-18,30.54
17-Jul-18,30.53
18-Jul-18,30.61
19-Jul-18,30.69
20-Jul-18,30.59
23-Jul-18,30.64
24-Jul-18,30.63
25-Jul-18,30.51
26-Jul-18,30.58
27-Jul-18,30.56
30-Jul-18,30.57
31-Jul-18,30.54
1-Aug-18,30.63
2-Aug-18,30.71
3-Aug-18,30.57
6-Aug-18,30.63
7-Aug-18,30.56
8-Aug-18,30.6
9-Aug-18,30.64
10-Aug-18,30.77
13-Aug-18,30.83
14-Aug-18,30.83
15-Aug-18,30.85
16-Aug-18,30.76
17-Aug-18,30.76
20-Aug-18,30.76
21-Aug-18,30.7
22-Aug-18,30.66
23-Aug-18,30.81
24-Aug-18,30.66
27-Aug-18,30.68
28-Aug-18,30.64
29-Aug-18,30.71
30-Aug-18,30.73
31-Aug-18,30.7
3-Sep-18,0.0
4-Sep-18,30.79
5-Sep-18,30.79
6-Sep-18,30.78
7-Sep-18,30.77
10-Sep-18,30.84
11-Sep-18,30.81
12-Sep-18,30.74
13-Sep-18,30.79
14-Sep-18,30.77
17-Sep-18,30.77
18-Sep-18,30.79
19-Sep-18,30.75
20-Sep-18,30.76
21-Sep-18,30.65
24-Sep-18,30.69
25-Sep-18,30.66
26-Sep-18,30.65
27-Sep-18,30.52
28-Sep-18,30.46
1-Oct-18,30.54
2-Oct-18,30.55
3-Oct-18,30.72
4-Oct-18,30.84
5-Oct-18,30.91
8-Oct-18,0.0
9-Oct-18,30.97
10-Oct-18,30.99
11-Oct-18,31.0
12-Oct-18,30.89
15-Oct-18,30.85
16-Oct-18,30.82
17-Oct-18,30.83
18-Oct-18,30.98
19-Oct-18,30.88
22-Oct-18,30.92
23-Oct-18,30.97
24-Oct-18,30.99
25-Oct-18,30.93
26-Oct-18,31.0
29-Oct-18,30.96
30-Oct-18,30.93
31-Oct-18,30.94
1-Nov-18,30.75
2-Nov-18,30.57
5-Nov-18,30.7
6-Nov-18,30.79
7-Nov-18,30.64
8-Nov-18,30.68
9-Nov-18,30.79
12-Nov-18,0.0
13-Nov-18,30.88
14-Nov-18,30.88
15-Nov-18,30.81
16-Nov-18,30.8
19-Nov-18,30.89
20-Nov-18,30.94
21-Nov-18,30.84
22-Nov-18,0.0
23-Nov-18,30.93
26-Nov-18,30.85
27-Nov-18,30.9
28-Nov-18,30.86
29-Nov-18,30.79
30-Nov-18,30.83
3-Dec-18,30.67
4-Dec-18,30.71
5-Dec-18,0.0
6-Dec-18,30.91
7-Dec-18,30.92
10-Dec-18,30.9
11-Dec-18,30.86
12-Dec-18,30.79
13-Dec-18,30.84
14-Dec-18,30.86
17-Dec-18,30.8
18-Dec-18,30.81
19-Dec-18,30.72
20-Dec-18,30.78
21-Dec-18,30.74
24-Dec-18,0.0
25-Dec-18,0.0
26-Dec-18,30.81
27-Dec-18,30.8
28-Dec-18,30.55
31-Dec-18,30.61
1-Jan-19,0.0
2-Jan-19,30.78
3-Jan-19,30.86
4-Jan-19,30.8
7-Jan-19,30.8
8-Jan-19,30.84
9-Jan-19,30.77
10-Jan-19,30.79
11-Jan-19,30.79
14-Jan-19,0.0
15-Jan-19,30.82
16-Jan-19,30.82
17-Jan-19,30.86
18-Jan-19,30.86
21-Jan-19,0.0
22-Jan-19,30.89
23-Jan-19,30.86
24-Jan-19,30.87
25-Jan-19,30.71
28-Jan-19,30.78
29-Jan-19,30.8
30-Jan-19,30.77
31-Jan-19,30.69
1-Feb-19,30.78
4-Feb-19,30.77
5-Feb-19,30.77
6-Feb-19,30.78
7-Feb-19,30.81
8-Feb-19,30.82
11-Feb-19,30.88
12-Feb-19,30.82
13-Feb-19,30.84
14-Feb-19,30.86
15-Feb-19,30.82
18-Feb-19,0.0
19-Feb-19,30.81
20-Feb-19,0.0
21-Feb-19,30.8
22-Feb-19,30.71
25-Feb-19,30.74
26-Feb-19,30.76
27-Feb-19,30.78
28-Feb-19,30.83
1-Mar-19,30.84
4-Mar-19,30.83
5-Mar-19,30.84
6-Mar-19,30.84
7-Mar-19,30.91
8-Mar-19,30.88
11-Mar-19,30.91
12-Mar-19,30.91
13-Mar-19,30.9
14-Mar-19,30.92
15-Mar-19,30.85
18-Mar-19,30.78
19-Mar-19,30.8
20-Mar-19,30.8
21-Mar-19,30.82
22-Mar-19,30.87
25-Mar-19,30.82
26-Mar-19,30.84
27-Mar-19,30.89
28-Mar-19,30.88
29-Mar-19,30.86
1-Apr-19,30.8
2-Apr-19,30.84
3-Apr-19,30.8
4-Apr-19,30.81
5-Apr-19,30.82
8-Apr-19,30.82
9-Apr-19,30.83
10-Apr-19,30.83
11-Apr-19,30.85
12-Apr-19,30.84
15-Apr-19,30.85
16-Apr-19,30.85
17-Apr-19,30.79
18-Apr-19,30.83
19-Apr-19,30.82
22-Apr-19,30.84
23-Apr-19,30.86
24-Apr-19,30.89
25-Apr-19,30.94
26-Apr-19,30.9
29-Apr-19,30.91
30-Apr-19,30.91
1-May-19,30.89
2-May-19,30.92
3-May-19,30.87
6-May-19,30.92
7-May-19,30.95
8-May-19,30.93
9-May-19,31.01
10-May-19,30.95
13-May-19,31.16
14-May-19,31.07
15-May-19,31.11
16-May-19,31.11
17-May-19,31.31
20-May-19,31.4
21-May-19,31.48
22-May-19,31.52
23-May-19,31.52
24-May-19,31.52
27-May-19,0.0
28-May-19,31.47
29-May-19,31.58
30-May-19,31.6
31-May-19,31.59
3-Jun-19,31.41
4-Jun-19,31.46
5-Jun-19,31.35
6-Jun-19,31.32
7-Jun-19,31.42
10-Jun-19,31.43
11-Jun-19,31.39
12-Jun-19,31.41
13-Jun-19,31.48
14-Jun-19,31.51
17-Jun-19,31.51
18-Jun-19,31.35
19-Jun-19,31.51
20-Jun-19,30.99
21-Jun-19,31.02
24-Jun-19,31.03
25-Jun-19,31.09
26-Jun-19,31.05
27-Jun-19,31.05
28-Jun-19,31.01
1-Jul-19,30.97
2-Jul-19,31.04
3-Jul-19,31.08
4-Jul-19,0.0
5-Jul-19,31.18
8-Jul-19,31.17
9-Jul-19,31.17
10-Jul-19,31.13
11-Jul-19,31.02
12-Jul-19,31.07
15-Jul-19,31.04
16-Jul-19,31.04
17-Jul-19,31.07
18-Jul-19,31.04
19-Jul-19,31.04
22-Jul-19,31.07
23-Jul-19,31.07
24-Jul-19,31.08
25-Jul-19,31.08
26-Jul-19,31.08
29-Jul-19,31.1
30-Jul-19,31.06
31-Jul-19,31.09
1-Aug-19,31.15
2-Aug-19,31.38
5-Aug-19,31.63
6-Aug-19,31.48
7-Aug-19,31.51
8-Aug-19,31.34
9-Aug-19,31.41
12-Aug-19,31.4
13-Aug-19,31.5
14-Aug-19,31.36
15-Aug-19,31.33
16-Aug-19,31.3
19-Aug-19,31.36
20-Aug-19,31.39
21-Aug-19,31.33
22-Aug-19,31.36
23-Aug-19,31.43
26-Aug-19,31.41
27-Aug-19,31.39
28-Aug-19,31.43
29-Aug-19,31.34
30-Aug-19,31.32
2-Sep-19,0.0
3-Sep-19,31.38
4-Sep-19,31.3
5-Sep-19,31.26
6-Sep-19,31.22
9-Sep-19,31.21
10-Sep-19,31.22
11-Sep-19,31.13
12-Sep-19,31.03
13-Sep-19,30.88
16-Sep-19,30.9
17-Sep-19,30.95
18-Sep-19,30.95
19-Sep-19,30.98
20-Sep-19,30.93
23-Sep-19,30.98
24-Sep-19,31.01
25-Sep-19,31.04
26-Sep-19,31.02
27-Sep-19,31.05
30-Sep-19,31.05
1-Oct-19,31.07
2-Oct-19,31.06
3-Oct-19,30.97
4-Oct-19,30.92
7-Oct-19,30.89
8-Oct-19,30.81
9-Oct-19,30.83
10-Oct-19,30.75
11-Oct-19,30.75
14-Oct-19,0.0
15-Oct-19,30.62
16-Oct-19,30.69
17-Oct-19,30.63
18-Oct-19,30.59
